"data_publicacao","data_modificacao","data_sitemap","titulo","link","autor","secao","tipo_conteudo","resumo","imagem_destacada","data_coleta","fonte"
"2026-06-18T14:12:49.448Z","2026-06-18T14:12:49.448Z","2026-06-18T10:12:49.448-04:00","Watch Kim Gordon Play “Play Me” on The Tonight Show","https://pitchfork.com/news/watch-kim-gordon-play-play-me-on-the-tonight-show/","Alex Suskind","news","article","Ahead of the start of her summer tour","https://media.pitchfork.com/photos/6a33f4effd4921a168014c7c/16:9/w_1280,c_limit/Screenshot%202026-06-18%20at%209.38.06%E2%80%AFAM%20(2).png","2026-06-18T11:38:25-03:00","Pitchfork"
"","","2026-06-18T00:03:00.000-04:00","Joseph Shabason / Nicholas Krgovich: Four Days in June","https://pitchfork.com/reviews/albums/shabason-krgovich-four-days-in-june/","Zach Schonfeld","reviews","review","The Toronto jazz-pop musicians embrace the soft-focus twang of ’90s country on an album that summons the spirit of a backyard campfire.","https://media.pitchfork.com/photos/6a32b816cf86f787ac967582/16:9/w_1280,c_limit/Shabason%20&%20Krgovich%20-%20Four%20Days%20in%20June%20album%20art.jpg","2026-06-18T11:38:26-03:00","Pitchfork"
"","","2026-06-18T00:02:00.000-04:00","Sparklmami: in this body","https://pitchfork.com/reviews/albums/sparklmami-in-this-body/","Maria Nenet Barrios","reviews","review","The Texas-born, Chicago-based artist draws on jazz, disco, pop, and R&B for a debut album that’s both fantastical and intimate.","https://media.pitchfork.com/photos/6a31677224da9f2b0a2fcd2e/16:9/w_1280,c_limit/Sparklmami-in%20this%20body.jpg","2026-06-18T11:38:27-03:00","Pitchfork"
"","","2026-06-18T00:01:00.000-04:00","Osees: OFF COURSE","https://pitchfork.com/reviews/albums/osees-off-course/","Stuart Berman","reviews","review","The latest album from John Dwyer and his fellow garage-psych explorers embraces a fluid, improvisatory approach rooted in sprawling jam sessions and infinitely unspooling grooves.","https://media.pitchfork.com/photos/6a32b60acf86f787ac96753d/16:9/w_1280,c_limit/Osees%20-%20OFF%20COURSE%20album%20art.jpg","2026-06-18T11:38:28-03:00","Pitchfork"
"","","2026-06-18T00:00:00.000-04:00","TYGAPAW: Together You Gather All Power Applied Worldwide","https://pitchfork.com/reviews/albums/tygapaw-together-you-gather-all-power-applied-worldwide/","Cameron Cook","reviews","review","On their third album of sprawling techno compositions, the producer uses unsettling, abrasive sounds to reckon with contemporary oppression and usher in a world of Black queer liberation.","https://media.pitchfork.com/photos/6a31b2afc843cb137b4fc8f8/16:9/w_1280,c_limit/TYGAPAW-Together%20You%20Gather%20All%20Power%20Applied%20Worldwide.jpg","2026-06-18T11:38:30-03:00","Pitchfork"
"2026-06-17T21:09:00.230Z","2026-06-17T21:09:00.230Z","2026-06-17T17:09:00.230-04:00","Two Shell Announces New Album Infinite Now","https://pitchfork.com/news/two-shell-announces-new-album-infinite-now/","Kiana Mickles","news","article","The LP lands October 16","https://media.pitchfork.com/photos/6a32d3d3ad4d8ef506ee2b44/16:9/w_1280,c_limit/two_shell_press-edit-2-credit%20Yushy.jpg","2026-06-18T11:38:31-03:00","Pitchfork"
"2026-06-17T16:46:12.402Z","2026-06-17T16:46:12.402Z","2026-06-17T12:46:12.402-04:00","Mystikal Sentenced to 20 Years in Prison for Rape","https://pitchfork.com/news/mystikal-sentenced-to-20-years-in-prison-for-rape/","Jazz Monroe","news","article","The rapper admitted to raping a woman at his home in 2022","https://media.pitchfork.com/photos/6a32cb5ec843cb137b4fcc91/16:9/w_1280,c_limit/mystikal.jpg","2026-06-18T11:38:32-03:00","Pitchfork"
"2026-06-17T16:29:38.090Z","2026-06-17T16:29:38.090Z","2026-06-17T12:29:38.090-04:00","Saul Williams Recruits Robert Del Naja, Kamasi Washington for New Album Leap Life","https://pitchfork.com/news/saul-williams-new-album-leap-year/","Alex Suskind","news","article","Carlos Niño, Gonjasufi, and Moor Mother also appear on the project","https://media.pitchfork.com/photos/6a32bc72dab06b1214824e99/16:9/w_1280,c_limit/unnamed%20(89).jpg","2026-06-18T11:38:33-03:00","Pitchfork"
"2026-06-17T16:12:53.958Z","2026-06-17T16:12:53.958Z","2026-06-17T12:12:53.958-04:00","Each Song on Sad13’s New Mixtape Is One Minute Long","https://pitchfork.com/news/each-song-on-sad13s-new-mixtape-is-one-minute-long/","Nina Corcoran","news","article","The Speedy Ortiz frontperson returns with three songs from 1331, their upcoming mixtape as Sad13","https://media.pitchfork.com/photos/6a32bd8cc843cb137b4fcc27/16:9/w_1280,c_limit/Sadie%20Dupuis_Press%20Photo%201_Credit_SadieDupuis.jpg","2026-06-18T11:38:33-03:00","Pitchfork"
"2026-06-17T14:50:27.153Z","2026-06-17T14:50:27.153Z","2026-06-17T10:50:27.153-04:00","“It’s Fucking Sick”: “Empire State of Mind” Producer on Soundtracking the Knicks’ Win","https://pitchfork.com/news/empire-state-of-mind-producer-on-soundtracking-the-knicks-win/","Alex Suskind","news","article","“It’s kind of ironic that there is a British guy a part of it,” says the British guy in question, Al Shux","https://media.pitchfork.com/photos/6a32a520c843cb137b4fc9ea/16:9/w_1280,c_limit/GettyImages-90724703.jpg","2026-06-18T11:38:34-03:00","Pitchfork"
"2026-04-29T13:27:10.971Z","2026-06-17T14:16:31.991Z","2026-06-17T10:16:31.991-04:00","MIKE’s Young World Festival Reveals Full 2026 Lineup","https://pitchfork.com/news/mikes-young-world-festival-reveals-full-2026-lineup/","Jazz Monroe","news","article","Headliners Max B and MIKE himself will be joined by Niontay, Thirteendegrees°, EristhePlanet, Salimata, and Black Noi$e","https://media.pitchfork.com/photos/6a32abe8c843cb137b4fc9f3/16:9/w_1280,c_limit/MIKE.jpeg","2026-06-18T11:38:35-03:00","Pitchfork"
"","","2026-06-17T00:03:00.000-04:00","Wiki: Ancient History","https://pitchfork.com/reviews/albums/wiki-ancient-history/","Lei Takanashi","reviews","review","Backed by a diverse set of producers, the New York rapper spends his latest pondering the nuances of his hometown and what it means to age gracefully.","https://media.pitchfork.com/photos/6a272b0fe09efbb87f55b5e7/16:9/w_1280,c_limit/5056818809286.jpg","2026-06-18T11:38:36-03:00","Pitchfork"
"","","2026-06-17T00:02:00.000-04:00","RaiNao: Marcriá","https://pitchfork.com/reviews/albums/rainao-macria/","Tatiana Lee Rodriguez","reviews","review","The Puerto Rican artist’s second album explodes her signature sound into an immersive, sensory experience that’s both meticulous and playful.","https://media.pitchfork.com/photos/6a31aa6fe922f54904a31fd3/16:9/w_1280,c_limit/Macri%CC%81a.jpg","2026-06-18T11:38:37-03:00","Pitchfork"
"","","2026-06-17T00:01:00.000-04:00","Vybz Kartel: God and Time","https://pitchfork.com/reviews/albums/vybz-kartel-god-and-time/","Edwin “STATS” Houghton","reviews","review","On his first proper album since being released from prison, the dancehall legend lacks some of the roguish spark that made him a star but draws energy from an impressive roster of features.","https://media.pitchfork.com/photos/6a3164cde922f54904a31b4d/16:9/w_1280,c_limit/Vybz%20Kartel-God%20and%20Time.jpg","2026-06-18T11:38:38-03:00","Pitchfork"
"","","2026-06-17T00:00:00.000-04:00","Anysia Kym / Tony Seltzer: Purity (Flips)","https://pitchfork.com/reviews/albums/anysia-kym-tony-seltzer-purity-flips/","Benny Sun","reviews","review","Thirteen producers take on the stems from last year’s Purity, stretching the original tracks from the two Brooklynites into a fascinating array of sounds and styles.","https://media.pitchfork.com/photos/6a31addf3097cc9623857bf0/16:9/w_1280,c_limit/purity%20flips.png","2026-06-18T11:38:39-03:00","Pitchfork"
"2026-06-16T22:09:01.959Z","2026-06-16T22:09:01.959Z","2026-06-16T18:09:01.959-04:00","Squirrel Flower Announces New Album Say a Prayer to the Gods of Getting Going","https://pitchfork.com/news/squirrel-flower-announces-new-album-say-a-prayer-to-the-gods-of-getting-going/","Alex Suskind","news","article","Watch Ella Williams wander under a double rainbow in the video to lead single “Reelin”","https://media.pitchfork.com/photos/6a329670fd4921a168014115/16:9/w_1280,c_limit/d5okh38p.jpeg","2026-06-18T11:38:40-03:00","Pitchfork"
"","","2026-06-16T16:14:16.000-04:00","Horse Lords: Demand to Be Taken to Heaven Alive!","https://pitchfork.com/reviews/albums/horse-lords-demand-to-be-taken-to-heaven-alive/","Jayson Greene","reviews","review","Accompanied by woodwinds and horns and, for the first time, vocals, the Baltimore rock band returns with its prettiest and most welcoming music to date.","https://media.pitchfork.com/photos/6a272aa92a4c0368cf0f2d39/16:9/w_1280,c_limit/63409.jpg","2026-06-18T11:38:41-03:00","Pitchfork"
"2026-06-16T20:08:52.985Z","2026-06-16T20:08:52.985Z","2026-06-16T16:08:52.985-04:00","YHWH Nailgun Are Taking Magazine on Tour","https://pitchfork.com/news/yhwh-nailgun-are-taking-magazine-on-tour/","Walden Green","news","article","Will all the shows be 11 minutes?","https://media.pitchfork.com/photos/6a319512e922f54904a31eb9/16:9/w_1280,c_limit/YHWH-Nailgun.jpeg","2026-06-18T11:38:42-03:00","Pitchfork"
"2026-06-16T19:35:02.603Z","2026-06-16T19:35:02.603Z","2026-06-16T15:35:02.603-04:00","Kelela Can’t Work It Out With A.K. Paul on New Single “Outta Time”","https://pitchfork.com/news/watch-kelela-sing-to-ak-paul-on-new-single-outta-time/","Kiana Mickles","news","article","It was originally written for her 2017 album, Take Me Apart","https://media.pitchfork.com/photos/6a319641801ab21c70e0c5c9/16:9/w_1280,c_limit/unnamed%20(35).jpg","2026-06-18T11:38:43-03:00","Pitchfork"
"2026-06-16T19:27:45.140Z","2026-06-16T19:27:45.140Z","2026-06-16T15:27:45.140-04:00","Grammys to Make Best New Artist Category Even More Confusing","https://pitchfork.com/news/grammys-to-make-best-new-artist-even-more-confusing/","Alex Suskind","news","article","The number of times an artist can submit themselves for a nomination has increased","https://media.pitchfork.com/photos/6a317a3be63fb7351f976a8f/16:9/w_1280,c_limit/GettyImages-1239723190%20(1).jpg","2026-06-18T11:38:44-03:00","Pitchfork"
"2026-06-16T17:05:24.709Z","2026-06-16T17:05:24.709Z","2026-06-16T13:05:24.709-04:00","Vince Staples Lines Up North American Tour","https://pitchfork.com/news/vince-staples-lines-up-north-american-tour/","Walden Green","news","article","The rapper will enlist a live band to bring his new album Cry Baby to the stage","https://media.pitchfork.com/photos/6a316417c843cb137b4fc3f9/16:9/w_1280,c_limit/Vince-Staples.jpeg","2026-06-18T11:38:45-03:00","Pitchfork"
"2026-06-16T16:22:20.044Z","2026-06-16T16:22:20.044Z","2026-06-16T12:22:20.044-04:00","Isaiah Rashad to Hit the Road on U.S. Tour","https://pitchfork.com/news/isaiah-rashad-to-hit-the-road-on-us-tour/","Hattie Lindert","news","article","The Lil Sunny’s Awful Road Trip Tour kicks off in August with opener Alemeda","https://media.pitchfork.com/photos/6a3174b394399ae803fb14f5/16:9/w_1280,c_limit/Isaiah%20Rashad%20-%20Photo%20Credit_%20@marikarosegold.jpg","2026-06-18T11:38:47-03:00","Pitchfork"
"2026-06-16T16:08:57.983Z","2026-06-16T16:08:57.983Z","2026-06-16T12:08:57.983-04:00","Dawn Richard’s Abuse Lawsuit Against Diddy Dismissed","https://pitchfork.com/news/dawn-richards-abuse-lawsuit-against-diddy-dismissed/","Jazz Monroe","news","article","Richard’s claims against her former collaborator exceed the statute of limitations, a New York judge ruled","https://media.pitchfork.com/photos/6a3174c5e7b67a37a66f3391/16:9/w_1280,c_limit/diddy%20dawn%20richard%20dismissal.jpeg","2026-06-18T11:38:48-03:00","Pitchfork"
"2026-06-16T15:06:34.848Z","2026-06-16T15:06:34.848Z","2026-06-16T11:06:34.848-04:00","Dev Hynes to Score Olivia Wilde’s New Film The Invite","https://pitchfork.com/news/dev-hynes-to-score-olivia-wildes-the-invite/","Hattie Lindert","news","article","It’s the musician’s sixth film score and first collaboration with Wilde","https://media.pitchfork.com/photos/6a3165b794399ae803fb13f4/16:9/w_1280,c_limit/MixCollage-16-Jun-2026-10-45-AM-7868.jpg","2026-06-18T11:38:49-03:00","Pitchfork"
"2026-06-16T14:47:19.241Z","2026-06-16T14:47:19.241Z","2026-06-16T10:47:19.241-04:00","Phoebe Bridgers’ Saddest Factory to Merge With Dead Oceans","https://pitchfork.com/news/phoebe-bridgers-saddest-factory-to-merge-with-dead-oceans/","Walden Green","news","article","The Secretly Group imprint will no longer operate under its own name following a trademark dispute","https://media.pitchfork.com/photos/6a31614535421443a27ba415/16:9/w_1280,c_limit/Phoebe-Bridgers.jpeg","2026-06-18T11:38:49-03:00","Pitchfork"
"2026-06-16T13:56:58.024Z","2026-06-16T13:56:58.024Z","2026-06-16T09:56:58.024-04:00","Johnny Marr Announces The Age of Everything","https://pitchfork.com/news/johnny-marr-announces-the-age-of-everything-album/","Alex Suskind","news","article","His fifth solo album arrives October 2","https://media.pitchfork.com/photos/6a314c0b35421443a27ba379/16:9/w_1280,c_limit/unnamed%20(86).jpg","2026-06-18T11:38:51-03:00","Pitchfork"
"2026-06-16T13:36:42.690Z","2026-06-16T13:36:42.690Z","2026-06-16T09:36:42.690-04:00","Jersey Producer Subjxct 5 Sees the Whole Map","https://pitchfork.com/thepitch/jersey-producer-subjxct-5-sees-the-whole-map/","Alphonse Pierre","thepitch","article","Alphonse Pierre’s Off the Dome column covers songs, mixtapes, albums, scenes, snippets, movies, Meek Mill tweets, fashion trends—and anything else that catches his attention. This week, Al kicks it with Jersey producer Subjxct 5 to talk about the cross-generational influences on his versatile East Coast beats.","https://media.pitchfork.com/photos/6a2c56f040fd58c1e86787c2/16:9/w_1280,c_limit/P4K26_OffTheDome_2x1.png","2026-06-18T11:38:52-03:00","Pitchfork"
"","","2026-06-16T00:03:00.000-04:00","Ruth Garbus: Profound","https://pitchfork.com/reviews/albums/ruth-garbus-profound/","Sam Sodomsky","reviews","review","The singer-songwriter’s new album is surreal and beautifully austere. The mood is light, the pace is slow, and her reflections are lucid.","https://media.pitchfork.com/photos/6a3059520e20736905179254/16:9/w_1280,c_limit/ruth%20garbus%20profound.jpg","2026-06-18T11:38:53-03:00","Pitchfork"
"","","2026-06-16T00:01:00.000-04:00","Ibrahim Alfa Jnr.: Infinite Black Inside","https://pitchfork.com/reviews/albums/ibrahim-alfa-jnr-infinite-black-inside/","H.D. Angel","reviews","review","A ’90s techno veteran long sidelined by health issues delivers an introspective gem full of complex harmonies and intricate drum programming.","https://media.pitchfork.com/photos/6a2bbe62dbab91dec3078578/16:9/w_1280,c_limit/Ibrahim%20Alfa%20Jnr%20-%20Infinite%20Black%20Inside.jpg","2026-06-18T11:38:54-03:00","Pitchfork"
"","","2026-06-16T00:00:00.000-04:00","Booker Stardrum / Evan Shornstein: OOPS!","https://pitchfork.com/reviews/albums/booker-stardrum-evan-shornstein-oops/","Dash Lewis","reviews","review","The percussionist and producer—both agile, genre-agnostic improvisers—team up for a playfully disorienting record that combines acoustic instruments and warped electronic textures.","https://media.pitchfork.com/photos/6a304ab694399ae803fb101e/16:9/w_1280,c_limit/Booker%20Stardrum%20Evan%20Shornstein-OOPS!.jpg","2026-06-18T11:38:55-03:00","Pitchfork"
"2026-06-15T20:56:09.879Z","2026-06-15T20:56:09.879Z","2026-06-15T16:56:09.879-04:00","Future Reveals New Album The Real Me","https://pitchfork.com/news/future-announces-new-album-the-real-me/","Alex Suskind","news","article","So that’s what Spotify has been teasing the last week","https://media.pitchfork.com/photos/6a305f7035421443a27ba232/16:9/w_1280,c_limit/GettyImages-2281466070.jpg","2026-06-18T11:38:56-03:00","Pitchfork"
"2026-06-15T20:28:22.113Z","2026-06-15T20:28:22.113Z","2026-06-15T16:28:22.113-04:00","Nettspend Teases Album With OsamaSon","https://pitchfork.com/news/nettspend-teases-album-with-osamason/","Walden Green","news","article","A joint tour may also accompany the rappers’ rumored “NXO” project","https://media.pitchfork.com/photos/697fc0282ad8eeb1a1c9f5e2/16:9/w_1280,c_limit/003PITCHFORK_GQ-169.jpg","2026-06-18T11:38:57-03:00","Pitchfork"
"2026-06-15T16:52:01.996Z","2026-06-15T16:52:01.996Z","2026-06-15T12:52:01.996-04:00","Widowspeak, Lambchop, and More: This Week’s Pitchfork Selects Playlist","https://pitchfork.com/news/widowspeak-lambchop-and-more-this-weeks-pitchfork-selects-playlist/","Pitchfork","news","article","Our weekly playlist highlights songs that our writers, editors, and contributors are listening to on repeat","https://media.pitchfork.com/photos/6a301e7694399ae803fb0e0c/16:9/w_1280,c_limit/P4K26-0601_Selects_2x1%20(2).png","2026-06-18T11:38:57-03:00","Pitchfork"
"2026-06-15T15:50:23.258Z","2026-06-15T15:50:23.258Z","2026-06-15T11:50:23.258-04:00","Eavesdropping on ear","https://pitchfork.com/features/eavesdropping-on-ear-music-interview/","Kieran Press-Reynolds","features","article","Don’t believe the hype around the duo? It’s unclear if even they do. We spend an afternoon in upstate New York with the two friends starting moshpits with miniature pop","https://media.pitchfork.com/photos/6a2c29b50c34bf88a1ddbe29/16:9/w_1280,c_limit/ear_5%20copy_watermarked.jpg","2026-06-18T11:38:58-03:00","Pitchfork"
"2026-06-15T15:45:37.132Z","2026-06-15T15:45:37.132Z","2026-06-15T11:45:37.132-04:00","No Joy Announces Big Life, Big Leaf EP, Shares Title Track","https://pitchfork.com/news/no-joy-announces-big-life-big-leaf-ep-shares-title-track/","Walden Green","news","article","Jasamine White-Gluz reunited with Fire-Toolz’s Angel Marcloid for the companion to last year’s Bugland","https://media.pitchfork.com/photos/6a300fa4d3992f856879e661/16:9/w_1280,c_limit/No-Joy.jpeg","2026-06-18T11:38:59-03:00","Pitchfork"
"2026-06-15T14:27:17.781Z","2026-06-15T14:27:17.781Z","2026-06-15T10:27:17.781-04:00","Julia Jacklin Readies New Album The Gem","https://pitchfork.com/news/julia-jacklin-readies-new-album-the-gem/","Walden Green","news","article","The Australian singer-songwriter’s 4AD debut arrives in September","https://media.pitchfork.com/photos/6a2ffb380263d41817fb603f/16:9/w_1280,c_limit/Julia-Jacklin.jpeg","2026-06-18T11:39:00-03:00","Pitchfork"
"","","2026-06-15T00:03:00.000-04:00","Kelsey Lu: So Help Me God","https://pitchfork.com/reviews/albums/kelsey-lu-so-help-me-god/","Kiana Mickles","reviews","review","The cellist and singer-songwriter’s second album traces heartbreak and self-discovery in exuberant and multi-layered orchestral folk-pop, delivered with generosity and style.","https://media.pitchfork.com/photos/6a2c399640fd58c1e8678703/16:9/w_1280,c_limit/Kelsey%20Lu%20-%20So%20Help%20Me%20God%20album%20art.jpg","2026-06-18T11:39:01-03:00","Pitchfork"
"","","2026-06-15T00:02:00.000-04:00","Sublime: Until the Sun Explodes","https://pitchfork.com/reviews/albums/sublime-until-the-sun-explodes/","Sadie Sartini Garner","reviews","review","Led by the son of their late frontman Bradley Nowell, a reformed Sublime take a studied and airless approach to recapturing their signature sound. It has all the data but little of the soul.","https://media.pitchfork.com/photos/69c436eec401dc6cbd2ae105/16:9/w_1280,c_limit/Sublime-Until-the-Sun-Explodes.jpg","2026-06-18T11:39:02-03:00","Pitchfork"
"","","2026-06-15T00:01:00.000-04:00","Káryyn: Physics Universal Love Language (PULL)","https://pitchfork.com/reviews/albums/karyyn-physics-universal-love-language-pull/","Alex Robert Ross","reviews","review","Despite her lofty ambitions, the avant-pop singer is at her most compelling when grounded in the earthly pleasures of four-to-the-floor beats and straightforward, theatrical hooks.","https://media.pitchfork.com/photos/6a2c35c2810351509807d328/16:9/w_1280,c_limit/Ka%CC%81ryyn%20Physics%20Universal%20Love%20Language.jpg","2026-06-18T11:39:03-03:00","Pitchfork"
"","","2026-06-15T00:00:00.000-04:00","Soli City: Poetics of a New Estate","https://pitchfork.com/reviews/albums/soli-city-poetics-of-a-new-estate/","Daniel Bromfield","reviews","review","Like many of his Copenhagen peers, the Danish composer is out to unsettle, pairing passages of chamber ambient and spoken-word poetry with stone-faced non sequiturs and moments of jarring ugliness.","https://media.pitchfork.com/photos/6a2bc82c40fd58c1e86782c4/16:9/w_1280,c_limit/Soli%20City%20-%20Poetics%20of%20a%20New%20Estate.jpg","2026-06-18T11:39:04-03:00","Pitchfork"
"2026-06-15T03:04:30.041Z","2026-06-15T03:04:30.041Z","2026-06-14T23:04:30.041-04:00","Oliver Tree, “Miss You” and “Life Goes On” Singer, Dies at 32","https://pitchfork.com/news/olivier-tree-miss-you-and-life-goes-on-singer-dies-at-32/","Nina Corcoran","news","article","He was one of six people who died in a helicopter crash in Brazil this morning","https://media.pitchfork.com/photos/6a2f6b2f6d5aa71b3e09dd5e/16:9/w_1280,c_limit/GettyImages-1203467261.jpg","2026-06-18T11:39:05-03:00","Pitchfork"
"2026-06-14T21:05:29.298Z","2026-06-14T21:05:29.298Z","2026-06-14T17:05:29.298-04:00","The Fall’s Final Album Set for Autumn Release","https://pitchfork.com/news/the-falls-final-album-set-for-autumn-release/","Hattie Lindert","news","article","The English post-punk band had been working on Post-Script before Mark E. Smith’s death in 2018","https://media.pitchfork.com/photos/6a2f0d17fd45250280f65b50/16:9/w_1280,c_limit/GettyImages-532369882.jpg","2026-06-18T11:39:06-03:00","Pitchfork"
"2026-06-14T17:04:11.920Z","2026-06-14T17:04:11.920Z","2026-06-14T13:04:11.920-04:00","Michael Becomes Highest-Grossing Music Biopic in History","https://pitchfork.com/news/michael-becomes-highest-grossing-music-biopic-in-history/","Hattie Lindert","news","article","The film has reportedly brought in $911.9 million worldwide, surpassing 2018’s Bohemian Rhapsody","https://media.pitchfork.com/photos/6a2edafa2abbc837f79300a0/16:9/w_1280,c_limit/Michael.jpg","2026-06-18T11:39:07-03:00","Pitchfork"
"","","2026-06-14T00:00:00.000-04:00","Hole: Celebrity Skin","https://pitchfork.com/reviews/albums/hole-celebrity-skin/","Quinn Moreland","reviews","review","Each Sunday, Pitchfork takes an in-depth look at a significant album from the past, and any record not in our archives is eligible. Today, we look back at Hole’s third album, Hollywood in the late 1990s, and the redemption of Courtney Love.","https://media.pitchfork.com/photos/6a2c315b798cb0f312feba36/16:9/w_1280,c_limit/Hole%20-%20Celebrity%20Skin%20album%20art.jpg","2026-06-18T11:39:08-03:00","Pitchfork"
"","","2026-06-13T00:00:00.000-04:00","Saint Pepsi: Hit Vibes","https://pitchfork.com/reviews/albums/saint-pepsi-hit-vibes/","Billie Bugara","reviews","review","A new reissue honors the influential vaporwave project’s crowning achievement: a groovy, sample-laden ode to excess that briefly epitomized the genre’s future funk offshoot.","https://media.pitchfork.com/photos/6a2c19d767e96bbc5cc79829/16:9/w_1280,c_limit/Saint%20Pepsi-Hit%20Vibes.jpg","2026-06-18T11:39:09-03:00","Pitchfork"
"","","2026-06-13T00:00:00.000-04:00","Elis Regina / Antônio Carlos Jobim: “Águas de Março”","https://pitchfork.com/reviews/tracks/elis-regina-antonio-carlos-jobim-aguas-de-marco/","Lily Goldberg","reviews","review","Every Saturday, we’re going deep on one song we’ve never reviewed before. This week, we look back at an iconic Brazilian hit, a sublime bossa nova standard that once visited the U.S. as a soda jingle.","https://media.pitchfork.com/photos/6a2c59820c34bf88a1ddbfab/16:9/w_1280,c_limit/Elis%20Regina%20&%20Anto%CC%82nio%20Carlos%20Jobim%20-%20Elis%20&%20Tom%20(%22A%CC%81guas%20de%20Marc%CC%A7o%22)%20(1974).jpeg","2026-06-18T11:39:10-03:00","Pitchfork"
"2026-06-12T17:47:49.628Z","2026-06-12T17:47:49.628Z","2026-06-12T13:47:49.628-04:00","The-Dream Confirms New Album Amid Rape and Sexual Battery Lawsuit","https://pitchfork.com/news/the-dream-confirms-new-album-amid-rape-and-sexual-battery-lawsuit/","Jazz Monroe","news","article","Usher, Pusha T, and Swizz Beatz have united with the producer, who is still in litigation with a former collaborator","https://media.pitchfork.com/photos/6a2c3e7b67e96bbc5cc7998e/16:9/w_1280,c_limit/THE-DREAM%20-%20Lead%20Press%20Image.jpg","2026-06-18T11:39:11-03:00","Pitchfork"
"2026-06-12T16:23:04.943Z","2026-06-12T16:30:24.407Z","2026-06-12T12:30:24.407-04:00","5 Takeaways From Olivia Rodrigo’s You Seem Pretty Sad for a Girl So in Love","https://pitchfork.com/thepitch/5-takeaways-from-olivia-rodrigos-you-seem-pretty-sad-for-a-girl-so-in-love/","Walden Green","thepitch","article","The pop star’s third album mostly eschews the ‘90s alt-rock and riot grrrl touchstones that earned her early cred among “serious” music fans","https://media.pitchfork.com/photos/6a2c0a450c34bf88a1ddbd92/16:9/w_1280,c_limit/P4K26_Takeaways_OR_2-1%20Small.png","2026-06-18T11:39:12-03:00","Pitchfork"
"2026-06-12T13:20:28.327Z","2026-06-12T13:20:28.327Z","2026-06-12T09:20:28.327-04:00","8 Albums Out This Week You Should Listen to Now","https://pitchfork.com/news/8-new-albums-you-should-listen-to-now-olivia-rodrigo-kelsey-lu-wiki/","Nina Corcoran","news","article","Also stream new releases from YHWH Nailgun and Wiki","https://media.pitchfork.com/photos/6a2c38a3db84d11c1bc971e7/16:9/w_1280,c_limit/_DSF5214.jpeg","2026-06-18T11:39:13-03:00","Pitchfork"
"2026-06-12T04:36:05.006Z","2026-06-12T04:36:05.006Z","2026-06-12T00:36:05.006-04:00","Carly Simon Readies First Album of Original Songs Since 2008","https://pitchfork.com/news/carly-simon-new-album-comes-in-waves/","Jazz Monroe","news","article","Listen to “Howl” from Comes in Waves","https://media.pitchfork.com/photos/6a2affb28e6f52b9c1bfe531/16:9/w_1280,c_limit/GettyImages-1182937709.jpg","2026-06-18T11:39:14-03:00","Pitchfork"
"2026-06-12T04:22:43.816Z","2026-06-12T04:22:43.816Z","2026-06-12T00:22:43.816-04:00","Watch Olivia Rodrigo Bring in the Ballerinas in “Stupid Song” Video","https://pitchfork.com/news/olivia-rodrigo-stupid-song-video/","Hattie Lindert","news","article","You Seem Pretty Sad for a Girl So in Love is out now","https://media.pitchfork.com/photos/6a2b0d6ab859c2e9bdd18bb6/16:9/w_1280,c_limit/Screenshot%202026-06-11%20at%203.32.35%E2%80%AFPM.png","2026-06-18T11:39:15-03:00","Pitchfork"
"","","2026-06-12T00:03:00.000-04:00","Olivia Rodrigo: you seem pretty sad for a girl so in love","https://pitchfork.com/reviews/albums/olivia-rodrigo-you-seem-pretty-sad-for-a-girl-so-in-love/","Molly Mary O’Brien","reviews","review","The pop star’s third album is a heartbreaking account of an intense romance and its demise. Its mood is perfectly reflected in the music, and her evolution as a songwriter is a sight to behold.","https://media.pitchfork.com/photos/6a1064f4cdd971dc49dbe97b/16:9/w_1280,c_limit/Olivia%20Rodrigo%20-%20You%20Seem%20Pretty%20Sad%20for%20a%20Girl%20So%20in%20Love%20album%20art%20(no%20sticker).png","2026-06-18T11:39:16-03:00","Pitchfork"
"","","2026-06-12T00:02:00.000-04:00","Skrillex: SOMA","https://pitchfork.com/reviews/albums/skrillex-soma/","Kiana Mickles","reviews","review","Brazilian funk, techno, trance, Miami bass, dubstep, and even tech-house all find a place on Sonny Moore’s latest, a stylistic and collaborative free-for-all that rarely settles in one place for long.","https://media.pitchfork.com/photos/6a21bc30fc892426f2169b0a/16:9/w_1280,c_limit/Soma_Cover_Final.jpeg","2026-06-18T11:39:17-03:00","Pitchfork"
"","","2026-06-12T00:01:00.000-04:00","Baauer: U","https://pitchfork.com/reviews/albums/baauer-u/","Hattie Lindert","reviews","review","Positioned as a return to the dancefloor, the Brooklyn-based producer’s first album in six years is filled with chopped-up throwback samples. It’s crowd-pleasing and joyful but somewhat anemic.","https://media.pitchfork.com/photos/69e7df2081912dd21c7a0155/16:9/w_1280,c_limit/Baauer_U%203000.jpg","2026-06-18T11:39:18-03:00","Pitchfork"
"","","2026-06-12T00:00:00.000-04:00","Ali Sethi / Gregory Rogove: Room Jhoom","https://pitchfork.com/reviews/albums/ali-sethi-gregory-rogove-room-jhoom/","Arman Khan","reviews","review","The Pakistani American musician’s latest collaborative album is a quiet meditation on separation and yearning.","https://media.pitchfork.com/photos/6a2b0683146023d76d3367b1/16:9/w_1280,c_limit/Ali%20Sethi%20Gregory%20Rogove%20Room%20Jhoom.jpg","2026-06-18T11:39:19-03:00","Pitchfork"
"2026-06-12T04:00:00.000Z","2026-06-12T04:00:00.000Z","2026-06-12T00:00:00.000-04:00","Read the Full Credits to Olivia Rodrigo’s You Seem Pretty Sad for a Girl So in Love","https://pitchfork.com/news/read-the-full-credits-olivia-rodrigo-you-seem-pretty-sad-for-a-girl-so-in-love/","Nina Corcoran","news","article","The usual suspects (Dan Nigro, Amy Allen) appear, but there are a couple surprises too","https://media.pitchfork.com/photos/6a2b09978e6f52b9c1bfe8f9/16:9/w_1280,c_limit/GettyImages-2280260858.jpg","2026-06-18T11:39:20-03:00","Pitchfork"
"2026-06-11T16:50:27.072Z","2026-06-11T16:50:27.072Z","2026-06-11T12:50:27.072-04:00","Noname Is Touring Telefone for Its 10th Anniversary","https://pitchfork.com/news/noname-announces-telefone-anniversary-tour/","Alex Suskind","news","article","“I hope 10 years ago in some small corner of the world you heard the imagination of young folks from the city of chicago”","https://media.pitchfork.com/photos/6a2ae3cddbab91dec3077aef/16:9/w_1280,c_limit/GettyImages-1485938889.jpg","2026-06-18T11:39:23-03:00","Pitchfork"
"2026-06-11T16:50:05.338Z","2026-06-11T16:50:05.338Z","2026-06-11T12:50:05.338-04:00","Bonnaroo 2026 Livestream Schedule & Details Announced for Disney and Hulu","https://pitchfork.com/news/bonnaroo-2026-livestream-schedule-and-details-announced-for-disney-and-hulu/","Jazz Monroe","news","article","Find out when to catch Turnstile, the Strokes, Skrillex, Geese, and many more this weekend","https://media.pitchfork.com/photos/6a2ae6864360aada470983a9/16:9/w_1280,c_limit/turnstile-bonnaroo-livestream.jpg","2026-06-18T11:39:24-03:00","Pitchfork"
"","","2026-06-11T00:03:00.000-04:00","YHWH Nailgun: Magazine","https://pitchfork.com/reviews/albums/yhwh-nailgun-magazine/","Grayson Haver Currin","reviews","review","Though only half the length of their 2025 breakthrough debut, the New York quartet’s second album is dense with ideas and enlivened by purpose.","https://media.pitchfork.com/photos/6a1ed6c7049d13b070a25593/16:9/w_1280,c_limit/YHWH_magazine%20packshot%20(3).jpg","2026-06-18T11:39:25-03:00","Pitchfork"
"","","2026-06-11T00:02:00.000-04:00","KatzPascale: ELEGY EP","https://pitchfork.com/reviews/albums/katzpascale-elegy-ep/","Emma Madden","reviews","review","The New York cello-saxophone duo trades the strictures of classical music for more exploratory tones and textures, fusing the expansiveness of film scores with the immediacy of pop.","https://media.pitchfork.com/photos/6a27c8421afda97beb764c5f/16:9/w_1280,c_limit/KatzPascale%20-%20Elegy.jpg","2026-06-18T11:39:26-03:00","Pitchfork"
"","","2026-06-11T00:01:00.000-04:00","Six Sex: ULTRA","https://pitchfork.com/reviews/albums/six-sex-ultra/","E.R. Pulgar","reviews","review","On her debut album, the chameleonic Argentine artist offers bouncy club absurdism and Latin electroclash steeped in hedonism, provocation, and sexual autonomy.","https://media.pitchfork.com/photos/6a1f038c4715c13db662dacd/16:9/w_1280,c_limit/820233386944.jpg","2026-06-18T11:39:27-03:00","Pitchfork"
"","","2026-06-11T00:00:00.000-04:00","Kane Parsons /  Edo Van Breemen: Backrooms (Original Soundtrack)","https://pitchfork.com/reviews/albums/kane-parsons-edo-van-breemen-backrooms-original-soundtrack/","Harry Thorfinn-George","reviews","review","The dark-ambient score for A24’s hit horror film is at its best when it embraces the offbeat and uncanny.","https://media.pitchfork.com/photos/6a299e6be1493afaaaa447d4/16:9/w_1280,c_limit/Kane%20Parsons%20:%20Edo%20Van%20Breeman%20Backrooms%20(Original%20Soundtrack)%20.jpg","2026-06-18T11:39:27-03:00","Pitchfork"
"2026-06-10T23:02:00.072Z","2026-06-10T23:02:00.072Z","2026-06-10T19:02:00.072-04:00","Hail to the Thief Version of Hamlet Heads to London","https://pitchfork.com/news/hail-to-the-thief-version-of-hamlet-heads-to-london/","Nina Corcoran","news","article","Radiohead’s 2003 album soundtracks the modern production of Shakespeare’s classic tale","https://media.pitchfork.com/photos/6a29ebe8c683f423a1fffa5d/16:9/w_1280,c_limit/GettyImages-2107881338.jpg","2026-06-18T11:39:29-03:00","Pitchfork"
"2026-06-10T22:45:23.147Z","2026-06-10T22:45:23.147Z","2026-06-10T18:45:23.147-04:00","NYC Street Named for Jimi Hendrix After 56-Year Petition","https://pitchfork.com/news/nyc-street-named-for-jimi-hendrix-after-56-year-petition/","Hattie Lindert","news","article","Jimi Hendrix Way sits just down the street from the guitarist’s legendary Electric Lady Studios","https://media.pitchfork.com/photos/6a29e0744360aada47098232/16:9/w_1280,c_limit/GettyImages-84884490.jpg","2026-06-18T11:39:29-03:00","Pitchfork"
"","","2026-06-10T17:50:41.775-04:00","L’Rain: “soulless cycle”","https://pitchfork.com/reviews/tracks/lrain-soulless-cycle/","Harry Tafoya","reviews","review","With a pummelling rhythm and howling guitar, the new song from fata morgana makes a desperate race against the doom loop.","https://media.pitchfork.com/photos/6a29d6e31e3965e99ceed885/16:9/w_1280,c_limit/L'Rain%20-%20fata%20morgana%20album%20art.jpg","2026-06-18T11:39:30-03:00","Pitchfork"
"2026-06-10T20:51:50.264Z","2026-06-10T20:51:50.264Z","2026-06-10T16:51:50.264-04:00","Slow Pulp Return With New Album, Song, and Fall Tour Dates","https://pitchfork.com/news/slow-pulp-return-with-an-album-a-new-song-and-fall-tour-dates/","Alex Suskind","news","article","Melodie drops 9/18 on ANTI-","https://media.pitchfork.com/photos/6a29c58d1e3965e99ceed837/16:9/w_1280,c_limit/Slow%20Pulp%20by%20Photo%20by%20Luca%20Venter.jpg","2026-06-18T11:39:33-03:00","Pitchfork"
"2026-06-10T19:00:00.000Z","2026-06-10T19:00:00.000Z","2026-06-10T15:00:00.000-04:00","Jane Remover on Beef, Biting, and Their Next Album","https://pitchfork.com/features/jane-remover-on-beef-biting-and-her-next-album/","Mano Sundaresan","features","article","“Don’t go head to head with me just because you put on a wig""","https://media.pitchfork.com/photos/6a28622acea2207d28fd0497/16:9/w_1280,c_limit/P4K26__Q&A_JaneRemover_2-1.png","2026-06-18T11:39:34-03:00","Pitchfork"
"2026-06-10T17:18:19.347Z","2026-06-10T17:18:19.347Z","2026-06-10T13:18:19.347-04:00","Helado Tropical to Embark on Debut Tour","https://pitchfork.com/news/helado-tropical-to-embark-on-debut-tour/","Jazz Monroe","news","article","Helado Negro and Reyna Tropical are taking their new project across North America","https://media.pitchfork.com/photos/6a2992d2146023d76d33576e/16:9/w_1280,c_limit/Sensacion.JPEG","2026-06-18T11:39:35-03:00","Pitchfork"
"2026-06-10T15:53:56.297Z","2026-06-10T15:53:56.297Z","2026-06-10T11:53:56.297-04:00","Open Mike Eagle and Kenny Segal Team for New Album Doomed!","https://pitchfork.com/news/open-mike-eagle-and-kenny-segal-team-for-new-album-doomed/","Alex Suskind","news","article","“Every one of Kenny’s beats is a chunk of ore from a different comet”","https://media.pitchfork.com/photos/6a29814f1e3965e99ceed511/16:9/w_1280,c_limit/unnamed%20(83).jpg","2026-06-18T11:39:36-03:00","Pitchfork"
"2026-06-10T13:39:18.653Z","2026-06-10T13:39:18.653Z","2026-06-10T09:39:18.653-04:00","L’Rain Returns With New Album Fata Morgana","https://pitchfork.com/news/lrain-returns-with-new-album-fata-morgana/","Jazz Monroe","news","article","Taja Cheek’s project thunders back to life with infernal single “Soulless Cycle”","https://media.pitchfork.com/photos/6a29661eb69837a7d1b32eca/16:9/w_1280,c_limit/L'Rain-new-album-fata-morgana.jpg","2026-06-18T11:39:37-03:00","Pitchfork"
"2026-06-10T13:39:06.179Z","2026-06-10T13:39:06.179Z","2026-06-10T09:39:06.179-04:00","Pitchfork Festival Paris Adds More Names for 2026","https://pitchfork.com/news/pitchfork-paris-2026-reveals-avant-garde-program/","Pitchfork","news","article","Quiet Light, Robber Robber, the Femcels, and Worldpeace DMT are among the 55 artists playing the Avant-Garde program this year","https://media.pitchfork.com/photos/6a1d9f0a97cb9846a78cd1c2/16:9/w_1280,c_limit/pitchfork-paris-2026.jpg","2026-06-18T11:39:38-03:00","Pitchfork"
"2026-06-10T10:48:56.588Z","2026-06-10T10:48:56.588Z","2026-06-10T06:48:56.588-04:00","Jack White Releasing New Album Next Month","https://pitchfork.com/news/jack-white-releasing-new-album-next-month/","Jazz Monroe","news","article","Listen to “Dollar Bill” from No Name follow-up Frozen Charlatan","https://media.pitchfork.com/photos/6a293e70604582f71fef4020/16:9/w_1280,c_limit/jack-white-new-album.jpg","2026-06-18T11:39:38-03:00","Pitchfork"
"","","2026-06-10T00:03:00.000-04:00","RealYungPhil : until something changes","https://pitchfork.com/reviews/albums/realyungphil-until-something-changes/","Alphonse Pierre","reviews","review","The Connecticut rapper reunites with the Swedish underground producers of Victory Music, combining atmospheric sadboy synths with plainspoken East Coast grit.","https://media.pitchfork.com/photos/6a285c4f9266f324bc1fdaa2/16:9/w_1280,c_limit/RealYungPhil%20-%20until%20something%20changes%20album%20art.jpg","2026-06-18T11:39:39-03:00","Pitchfork"
"","","2026-06-10T00:02:00.000-04:00","Navy Blue: Sir Render","https://pitchfork.com/reviews/albums/navy-blue-sir-render/","Dash Lewis","reviews","review","Sage Elsesser’s latest is fashioned as a prequel to his last two LPs, detailing the darkness before a spiritual awakening. Over lush, radiant production, it’s his most surefooted rapping yet.","https://media.pitchfork.com/photos/6a28446ecea2207d28fd03b6/16:9/w_1280,c_limit/Navy%20Blue%20-%20Sir%20Render.jpg","2026-06-18T11:39:40-03:00","Pitchfork"
"","","2026-06-10T00:01:00.000-04:00","Beatrice M.: Sinking","https://pitchfork.com/reviews/albums/beatrice-m-sinking/","Ben Cardew","reviews","review","The Paris producer revives the sound of classic, mid-2000s dubstep on their debut album, but subtle, surprisingly moving details keep their music from feeling merely retro.","https://media.pitchfork.com/photos/6a26ce570d34124b28b2aa24/16:9/w_1280,c_limit/Beatrice%20M.%20-%20Sinking.jpg","2026-06-18T11:39:41-03:00","Pitchfork"
"","","2026-06-10T00:00:00.000-04:00","Widowspeak: Roses","https://pitchfork.com/reviews/albums/widowspeak-roses/","Linnie Greene","reviews","review","The duo’s seventh album is a paean to romance, filled with ethereal indie-rock songs where love and daydreaming are an escape from the daily grind.","https://media.pitchfork.com/photos/6a282abf9266f324bc1fd8de/16:9/w_1280,c_limit/Widowspeak-Roses.jpg","2026-06-18T11:39:42-03:00","Pitchfork"
"2026-06-09T17:53:28.685Z","2026-06-09T17:53:28.685Z","2026-06-09T13:53:28.685-04:00","Bonobo Enlists Arooj Aftab, Nilüfer Yanya for New Album Distance in Static","https://pitchfork.com/news/bonobo-new-album-distance-in-static-tour/","Jazz Monroe","news","article","Simon Green has also announced a North American tour behind the new LP","https://media.pitchfork.com/photos/6a2850235bf37fddd7fa7c35/16:9/w_1280,c_limit/bonobo-new-album.jpg","2026-06-18T11:39:43-03:00","Pitchfork"
"2026-06-09T16:28:30.180Z","2026-06-09T16:28:30.180Z","2026-06-09T12:28:30.180-04:00","Tortoise to Tour U.S. and Canada","https://pitchfork.com/news/tortoise-to-tour-us-and-canada/","Hattie Lindert","news","article","The Chicago post-rockers will stop in Los Angeles, Montréal, Boston, and more over the coming months","https://media.pitchfork.com/photos/6a2833ed9266f324bc1fda25/16:9/w_1280,c_limit/unnamed%20(17).jpg","2026-06-18T11:39:44-03:00","Pitchfork"
"2026-06-09T16:04:41.758Z","2026-06-09T16:04:41.758Z","2026-06-09T12:04:41.758-04:00","James Blood Ullmer, Pioneering Funk and Jazz Guitarist, Dies art 86","https://pitchfork.com/news/james-blood-ullmer-dies-86/","Alex Suskind","news","article","“His music was fearless, and so was his spirit,” his family said in a statement","https://media.pitchfork.com/photos/6a2815ddeca9b16e6ce65399/16:9/w_1280,c_limit/GettyImages-1172156720.jpg","2026-06-18T11:39:45-03:00","Pitchfork"
"2026-06-09T15:19:43.755Z","2026-06-09T15:19:43.755Z","2026-06-09T11:19:43.755-04:00","Chat Pile Prep New Album Who Loves the Sun","https://pitchfork.com/news/chat-pile-prep-new-album-who-loves-the-sun/","Jazz Monroe","news","article","Take a trip to a macabre barbershop in the “Deep Blue” video","https://media.pitchfork.com/photos/6a2829eeeca9b16e6ce654e2/16:9/w_1280,c_limit/Chat-pile-album.jpg","2026-06-18T11:39:46-03:00","Pitchfork"
"2026-06-09T15:14:34.155Z","2026-06-09T15:14:34.155Z","2026-06-09T11:14:34.155-04:00","Militarie Gun Promise 20 Songs for 20 Dollars on North American Tour","https://pitchfork.com/news/militarie-gun-promise-20-songs-for-20-dollars-on-north-american-tour/","Hattie Lindert","news","article","Soft Cult, Shady Nasty, and Dazy will open for the Los Angeles band’s fall headlining run","https://media.pitchfork.com/photos/6a28263ccab12a15a412b990/16:9/w_1280,c_limit/gun%20photo.jpg","2026-06-18T11:39:47-03:00","Pitchfork"
"2026-06-09T15:04:45.457Z","2026-06-09T15:04:45.457Z","2026-06-09T11:04:45.457-04:00","Peter Bjorn and John Plot Writer’s Block 20th Anniversary Tour","https://pitchfork.com/news/peter-bjorn-and-john-plot-writers-block-20th-anniversary-tour/","Nina Corcoran","news","article","The indie trio’s revered album will get the live treatment this fall","https://media.pitchfork.com/photos/6a27994fb76089fb0fd9f952/16:9/w_1280,c_limit/Peter%20Bjorn%20and%20John,%20photo%20by%20Johan%20Bergmark.png","2026-06-18T11:39:49-03:00","Pitchfork"
"2026-06-09T13:46:14.614Z","2026-06-09T13:46:14.614Z","2026-06-09T09:46:14.614-04:00","Ty Segall Is Releasing a New Album and EP on the Same Day","https://pitchfork.com/news/ty-segall-is-releasing-a-new-album-and-ep-on-the-same-day/","Jazz Monroe","news","article","“Black Paint” leads an incoming double bill from the tireless singer-songwriter","https://media.pitchfork.com/photos/6a28127b2a4c0368cf0f2f55/16:9/w_1280,c_limit/ty-segall-new-album.jpg","2026-06-18T11:39:50-03:00","Pitchfork"
"2026-06-09T12:04:41.011Z","2026-06-09T12:04:41.011Z","2026-06-09T08:04:41.011-04:00","Interpol Ready New Album, Share Two Songs","https://pitchfork.com/news/interpol-ready-new-album-share-two-songs/","Jazz Monroe","news","article","The band has signed to Partisan for its first LP in four years, This Mirror Weighs a Ton","https://media.pitchfork.com/photos/6a27fbebcea2207d28fcfef1/16:9/w_1280,c_limit/interpol-new-album.jpg","2026-06-18T11:39:51-03:00","Pitchfork"
"2026-06-09T11:18:44.038Z","2026-06-09T11:18:44.038Z","2026-06-09T07:18:44.038-04:00","Soft Cell Unveil Final Album Danceteria","https://pitchfork.com/news/soft-cell-unveil-final-album-danceteria/","Jazz Monroe","news","article","A tribute to the New York club and Soft Cell co-founder Dave Ball, who died last year after the album’s completion","https://media.pitchfork.com/photos/6a27f256a78cbe8a62b6e12f/16:9/w_1280,c_limit/Soft%20Cell.jpg","2026-06-18T11:39:52-03:00","Pitchfork"
"","","2026-06-09T00:03:00.000-04:00","B0YG1RL / Novagang: EXIT 2B","https://pitchfork.com/reviews/albums/b0yg1rl-novagang-exit-2b/","Olivier Lafontant","reviews","review","The Miami duo’s electrifying, boundary-bending combination of Haitian kompa, underground rap, reggaeton, electro-pop, and baile funk is loud as hell and rich in egalitarian spirit.","https://media.pitchfork.com/photos/6a0b5f507fc6f92eeff4275c/16:9/w_1280,c_limit/B0YG1RL:%20EXIT%202B.jpg","2026-06-18T11:39:53-03:00","Pitchfork"
"","","2026-06-09T00:02:00.000-04:00","Of Montreal: Aethermead","https://pitchfork.com/reviews/albums/of-montreal-aethermead/","Ethan Beck","reviews","review","Kevin Barnes’ 20th album is, once again, inspired by a breakup, but the drab music lacks the personality and vision of their best work.","https://media.pitchfork.com/photos/6a1f02c65953023e4c87e091/16:9/w_1280,c_limit/644110053091.png","2026-06-18T11:39:55-03:00","Pitchfork"
"","","2026-06-09T00:01:00.000-04:00","Vanessa Rossetto: The Professional","https://pitchfork.com/reviews/albums/vanessa-rossetto-the-professional/","Levi Dayan","reviews","review","The American composer’s latest album of field recordings and fourth-wall slippage is an engrossing travelogue from the outskirts of experimental music.","https://media.pitchfork.com/photos/6a26b96568f3f9eab30abd24/16:9/w_1280,c_limit/Vanessa%20Rossetto%20-%20The%20Professional.jpg","2026-06-18T11:39:55-03:00","Pitchfork"
"","","2026-06-09T00:00:00.000-04:00","Zoh Amba: Eyes Full","https://pitchfork.com/reviews/albums/zoh-amba-eyes-full/","Hannah Jocelyn","reviews","review","On their Matador debut, the improv musician re-emerges as a traditional singer-songwriter whose character-based narratives and alt-country stylings feel a touch too familiar.","https://media.pitchfork.com/photos/6a1f03f44715c13db662daf9/16:9/w_1280,c_limit/600x600bb%20(80).jpg","2026-06-18T11:39:56-03:00","Pitchfork"
"2026-06-08T18:53:51.794Z","2026-06-08T18:53:51.794Z","2026-06-08T14:53:51.794-04:00","Kelsey Lu Announces Fall Tour Dates","https://pitchfork.com/news/kelsey-lu-announces-tour-fall-2026-dates/","Alex Suskind","news","article","It kicks off this September in Philadelphia","https://media.pitchfork.com/photos/6a270d575a0b04ca993e6eca/16:9/w_1280,c_limit/'Cutting%20Off%20The%20Head%20Of%20A%20Ghost'%20Press%20Photo.jpg","2026-06-18T11:39:58-03:00","Pitchfork"
"2026-06-08T17:54:13.834Z","2026-06-08T17:54:13.834Z","2026-06-08T13:54:13.834-04:00","The Best of Primavera Sound 2026","https://pitchfork.com/features/the-best-of-primavera-sound-2026/","Walden Green","features","article","The Cure danced, Addison Rae crowd-surfed, and MBV went punk","https://media.pitchfork.com/photos/6a29d59bc7ed5ac4d3766109/16:9/w_1280,c_limit/geese25.jpeg","2026-06-18T11:39:59-03:00","Pitchfork"
"2026-06-08T16:22:42.722Z","2026-06-08T16:22:42.722Z","2026-06-08T12:22:42.722-04:00","Kim Petras, horsegiirL, Skrillex, and More: This Week’s Pitchfork Selects Playlist","https://pitchfork.com/news/kim-petras-horsegiirl-skrillex-and-more-this-weeks-pitchfork-selects-playlist/","Pitchfork","news","article","Our weekly playlist highlights songs that our writers, editors, and contributors are listening to on repeat","https://media.pitchfork.com/photos/6a26e3f52a4c0368cf0f2be4/16:9/w_1280,c_limit/P4K26-0601_Selects_2x1%20(1).png","2026-06-18T11:40:01-03:00","Pitchfork"
"2026-06-08T14:28:32.785Z","2026-06-08T14:28:32.785Z","2026-06-08T10:28:32.785-04:00","Beastie Boys’ Mike D Lines Up Debut Album","https://pitchfork.com/news/beastie-boys-mike-d-lines-up-debut-album/","Jazz Monroe","news","article","Listen to “True Colors” from August-bound LP Thank You","https://media.pitchfork.com/photos/6a26cd9a81fc4a07089f2dda/16:9/w_1280,c_limit/mike-d-new-album.jpeg","2026-06-18T11:40:02-03:00","Pitchfork"
"2026-06-08T13:41:42.352Z","2026-06-08T13:41:42.352Z","2026-06-08T09:41:42.352-04:00","Pitchfork Festival London 2026 Announces Lineup","https://pitchfork.com/news/los-thuthanaka-the-avalanches-noname-to-headline-pitchfork-festival-london/","Pitchfork","news","article","Featuring Los Thuthanaka, the Avalanches, Noname, Ear, Ana Roxanne, Bill Orcutt, and many more","https://media.pitchfork.com/photos/6a231b7eaed5fb53349cee9f/16:9/w_1280,c_limit/PITCHFORK%20LOGO%20LG.png","2026-06-18T11:40:04-03:00","Pitchfork"
"2026-06-08T13:41:15.588Z","2026-06-08T13:41:15.588Z","2026-06-08T09:41:15.588-04:00","Charli XCX Invites You to the Music, Fashion, Film Tour","https://pitchfork.com/news/charli-xcx-invites-you-to-the-music-fashion-film-tour/","Jazz Monroe","news","article","Underscores supports the North American run","https://media.pitchfork.com/photos/6a26c4a2b5f1c32e7c146cc9/16:9/w_1280,c_limit/charli-xcx-tour.jpg","2026-06-18T11:40:05-03:00","Pitchfork"
"","","2026-06-08T00:03:00.000-04:00","Vince Staples: Cry Baby","https://pitchfork.com/reviews/albums/vince-staples-cry-baby/","Mankaprr Conteh","reviews","review","The rapper’s brash new rock album is a reflection and rebuttal to American instability, deploying rebellious music for historically grounded critiques of racism, war, and complicity.","https://media.pitchfork.com/photos/6a1f005947dd31e8244b5af9/16:9/w_1280,c_limit/26CRGIM53564.rgb.jpg","2026-06-18T11:40:06-03:00","Pitchfork"
"","","2026-06-08T00:02:00.000-04:00","Jake Muir: Pareidolia","https://pitchfork.com/reviews/albums/jake-muir-pareidolia/","Brad Sanders","reviews","review","After records sampling church bells and gay porn films, the field recordist and ambient musician turns his attention to black metal’s atmospheric interstitials, weaving them into epic, ominous drones.","https://media.pitchfork.com/photos/6a22a889fc892426f2169f2d/16:9/w_1280,c_limit/Jake%20Muir%20-%20Pareidolia.jpg","2026-06-18T11:40:07-03:00","Pitchfork"
"","","2026-06-08T00:01:00.000-04:00","K Wata: Give U Space","https://pitchfork.com/reviews/albums/k-wata-give-u-space/","Daniel Bromfield","reviews","review","The New York producer’s debut album is rooted in classic dub techno, but he succeeds in putting his own stamp on the oft-imitated genre, pointing it in new directions.","https://media.pitchfork.com/photos/6a229980bd7a7a6c8164ad53/16:9/w_1280,c_limit/K%20Wata%20-%20Give%20U%20Space.jpg","2026-06-18T11:40:08-03:00","Pitchfork"
"","","2026-06-08T00:00:00.000-04:00","The Bug Club: Every Single Muscle","https://pitchfork.com/reviews/albums/the-bug-club-every-single-muscle/","Alex Robert Ross","reviews","review","On its latest album, the prolific Welsh duo takes a warped view of human anatomy in a set of twee-pop and post-punk songs free of innuendo and laced with feral enthusiasm.","https://media.pitchfork.com/photos/6a22f1b3bb3dc604ca9365f2/16:9/w_1280,c_limit/The%20Bug%20Club-Every%20Single%20Muscle.png","2026-06-18T11:40:09-03:00","Pitchfork"
"2026-06-08T03:43:40.000Z","2026-06-08T03:43:40.000Z","2026-06-07T23:43:40.000-04:00","Musicians Union Sues Universal and Warner Over AI Use","https://pitchfork.com/news/musicians-union-sues-universal-and-warner-over-ai-use/","Nina Corcoran","news","article","The American Federation of Musicians claims major labels breached their collective bargaining agreement","https://media.pitchfork.com/photos/6a2639a94b9698601339433f/16:9/w_1280,c_limit/GettyImages-2169637885.jpg","2026-06-18T11:40:10-03:00","Pitchfork"
