"id","data_publicacao","data_publicacao_gmt","titulo","link","autor","categorias","resumo","imagem_destacada","slug","status","data_coleta","fonte"
"304730","2026-06-18T11:07:03","2026-06-18T14:07:03","GTA 6 anuncia data de abertura da pré-venda","https://rollingstone.com.br/guia-game/gta-6-anuncia-data-de-abertura-da-pre-venda/","Gabriela Nangino (@gabinangino)","Games","Rockstar Games também divulgou arte de capa oficial de Grand Theft Auto, aguardado game de 2026; confira","https://rollingstone.com.br/wp-content/uploads/2025/05/gta-6-grand-theft-auto-novo-trailer-2-rockstar-foto-divulgacao.jpg","gta-6-anuncia-data-de-abertura-da-pre-venda","publish","2026-06-18T11:31:43-03:00","Rolling Stone Brasil"
"304732","2026-06-18T10:50:20","2026-06-18T13:50:20","Rockstar revela arte de capa de GTA 6 e confirma data de pré-venda","https://rollingstone.com.br/guia-game/rockstar-revela-arte-de-capa-de-gta-6-e-confirma-pre-venda-para-o-dia-25-de-junho/","Kadu Soares (@kadusoares__)","Games","Imagem oficial destaca os protagonistas Lucia e Jason ao lado de carros, lanchas e helicópteros em cenário de Vice City; preço do jogo ainda não foi confirmado","https://rollingstone.com.br/wp-content/uploads/2026/06/GTA-6-rockstar-rolling-stone.jpg","rockstar-revela-arte-de-capa-de-gta-6-e-confirma-pre-venda-para-o-dia-25-de-junho","publish","2026-06-18T11:31:43-03:00","Rolling Stone Brasil"
"303912","2026-06-18T10:47:58","2026-06-18T13:47:58","Criadora celebra um ano de ‘Guerreiras do K-Pop’: ‘Não é mais só um filme’","https://rollingstone.com.br/cinema/criadora-celebra-um-ano-de-guerreiras-do-k-pop-nao-e-mais-so-um-filme/","Henrique Nascimento (@hc_nascimento)","Cinema","Além de comemorar o sucesso da animação, Maggie Kang celebrou a conexão que a história teve com fãs de todo o mundo","https://rollingstone.com.br/wp-content/uploads/2026/06/Criadora-celebra-um-ano-de-Guerreiras-do-K-Pop-Nao-e-mais-so-um-filme-DivulgacaoNetflix.jpg","criadora-celebra-um-ano-de-guerreiras-do-k-pop-nao-e-mais-so-um-filme","publish","2026-06-18T11:31:43-03:00","Rolling Stone Brasil"
"304608","2026-06-18T09:41:21","2026-06-18T12:41:21","O grande erro que cometem ao falar sobre saúde de Bruce Willis, segundo esposa","https://rollingstone.com.br/cinema/o-grande-erro-que-cometem-ao-falar-sobre-saude-de-bruce-willis-segundo-esposa/","Guilherme Gonçalves (@guiiilherme_agb)","Cinema","Esposa do astro de Hollywood, que sofre de demência frontotemporal (DFT), contesta alguns comentários sobre a situação real do marido","https://rollingstone.com.br/wp-content/uploads/2025/06/bruce-willis-2019-foto-theo-wargo-getty-images-for-film-at-lincoln-center.jpg","o-grande-erro-que-cometem-ao-falar-sobre-saude-de-bruce-willis-segundo-esposa","publish","2026-06-18T11:31:43-03:00","Rolling Stone Brasil"
"304533","2026-06-18T09:39:50","2026-06-18T12:39:50","Por que o Bon Jovi quase descartou o hit ‘Livin’ on a Prayer’","https://rollingstone.com.br/musica/bon-jovi-quase-descartou-livin-on-a-prayer/","Guilherme Gonçalves (@guiiilherme_agb)","Música","Renomado compositor Desmond Child relembra história da música e como ele e o guitarrista Richie Sambora precisaram fazer apelo para Jon Bon Jovi gravá-la","https://rollingstone.com.br/wp-content/uploads/2025/11/bon-jovi-1987-foto-Paul-Natkin-Getty-Images-133630208.jpg","bon-jovi-quase-descartou-livin-on-a-prayer","publish","2026-06-18T11:31:43-03:00","Rolling Stone Brasil"
"304529","2026-06-18T09:35:50","2026-06-18T12:35:50","Show do Sepultura no Hellfest será transmitido no YouTube","https://rollingstone.com.br/musica/sepultura-show-hellfest-transmissao-youtube/","Guilherme Gonçalves (@guiiilherme_agb)","Música","Apresentação faz parte da turnê de despedida da banda, ‘Celebrating Life Through Death’; veja data, horário e como assistir","https://rollingstone.com.br/wp-content/uploads/2025/03/sepultura-2025-foto-stephanie-veronezzi-2.jpg","sepultura-show-hellfest-transmissao-youtube","publish","2026-06-18T11:31:43-03:00","Rolling Stone Brasil"
"304540","2026-06-18T08:50:32","2026-06-18T11:50:32","‘Toy Story 5’ estreia nos cinemas brasileiros","https://rollingstone.com.br/cinema/toy-story-5-estreia-nos-cinemas-brasileiros/","Henrique Nascimento (@hc_nascimento)","Cinema","Sete anos após o lançamento do último filme, Woody, Buzz Lightyear e companhia retornam em uma nova aventura","https://rollingstone.com.br/wp-content/uploads/2026/06/Toy-Story-5-estreia-nos-cinemas-brasileiros-DivulgacaoDisney-Pixar.jpg","toy-story-5-estreia-nos-cinemas-brasileiros","publish","2026-06-18T11:31:43-03:00","Rolling Stone Brasil"
"304709","2026-06-18T08:45:51","2026-06-18T11:45:51","Conheça seu novo filme de terror LGBTQ+ que pode virar referência: ‘Leviticus’","https://rollingstone.com.br/cinema/conheca-seu-novo-filme-de-terror-lgbtq-que-pode-virar-referencia-leviticus/","David Fear","Cinema","Este thriller social usa uma metáfora direta — um demônio que se parece com o objeto do desejo homoafetivo — para transmitir, de forma comovente, os males da terapia de conversão","https://rollingstone.com.br/wp-content/uploads/2026/06/levictus-divulgacao-rolling-stone.jpg","conheca-seu-novo-filme-de-terror-lgbtq-que-pode-virar-referencia-leviticus","publish","2026-06-18T11:31:43-03:00","Rolling Stone Brasil"
"304683","2026-06-18T08:44:38","2026-06-18T11:44:38","Quando estreia o 9º e penúltimo episódio da 4ª temporada de ‘Origem’?","https://rollingstone.com.br/entretenimento/quando-estreia-o-9o-e-penultimo-episodio-da-4a-temporada-de-origem/","Redação","Entretenimento; TV","Série de terror sobrenatural é estrelada por Harold Perrineau (Lost) e produzida pelos irmãos Anthony e Joe Russo (Vingadores: Ultimato)","https://rollingstone.com.br/wp-content/uploads/2026/06/Quando-estreia-o-9o-e-penultimo-episodio-da-4a-temporada-de-Origem-Divulgacao.jpg","quando-estreia-o-9o-e-penultimo-episodio-da-4a-temporada-de-origem","publish","2026-06-18T11:31:43-03:00","Rolling Stone Brasil"
"304706","2026-06-18T08:44:23","2026-06-18T11:44:23","Sabrina Carpenter obtém ordem de restrição de cinco anos após suposto perseguidor dar depoimento assustador","https://rollingstone.com.br/noticia/sabrina-carpenter-obtem-ordem-de-restricao-de-cinco-anos-apos-suposto-perseguidor-dar-depoimento-assustador/","Nancy Dillon","Notícias","Um juiz emitiu a ordem rigorosa de afastamento depois que o homem afirmou fazer parte de um “programa militar governamental confidencial” e que precisava entrar em contato com Carpenter para salvar o mundo","https://rollingstone.com.br/wp-content/uploads/2025/10/sabrina-carpenter-Dia-Dipasupil-FilmMagic-foto-jornalistica-2234321834.jpg","sabrina-carpenter-obtem-ordem-de-restricao-de-cinco-anos-apos-suposto-perseguidor-dar-depoimento-assustador","publish","2026-06-18T11:31:43-03:00","Rolling Stone Brasil"
"304704","2026-06-18T08:42:48","2026-06-18T11:42:48","Gracie Abrams revela a lista de faixas de ‘Daughter From Hell’","https://rollingstone.com.br/musica/gracie-abrams-revela-a-lista-de-faixas-de-daughter-from-hell/","Rolling Stone","Música","O terceiro álbum da cantora e compositora terá 16 faixas, incluindo a faixa principal “Hit the Wall”","https://rollingstone.com.br/wp-content/uploads/2025/11/gracie-abrams-Jon-Kopaloff-Getty-Images-Vogue-foto-jornalistica-2243517308.jpg","gracie-abrams-revela-a-lista-de-faixas-de-daughter-from-hell","publish","2026-06-18T11:31:43-03:00","Rolling Stone Brasil"
"304670","2026-06-18T07:00:03","2026-06-18T10:00:03","O show de última hora que foi um divisor de águas na carreira de Maria Bethânia","https://rollingstone.com.br/musica/o-show-de-ultima-hora-que-foi-um-divisor-de-aguas-na-carreira-de-maria-bethania/","Kadu Soares (@kadusoares__)","Música","Convidada por Nara Leão para substituí-la no espetáculo “Opinião”, a baiana de 18 anos chegou ao Rio pensando em ficar cinco dias — e nunca mais voltou","https://rollingstone.com.br/wp-content/uploads/2026/06/maria-bethania-Mauricio-Santana-Getty-Images-foto-jornalistica-1425091295.jpg","o-show-de-ultima-hora-que-foi-um-divisor-de-aguas-na-carreira-de-maria-bethania","publish","2026-06-18T11:31:43-03:00","Rolling Stone Brasil"
"304686","2026-06-17T19:03:49","2026-06-17T22:03:49","Natalie Maines, da banda The Chicks, critica Donald Trump, chamando-o de “va*** feia” após a criação de um fundo secreto para aliados","https://rollingstone.com.br/country/natalie-maines-da-banda-the-chicks-critica-donald-trump-chamando-o-de-va-feia-apos-a-criacao-de-um-fundo-secreto-para-aliados/","Jon Blistein","Country; Política","A artista criticou duramente o presidente por “usar o dinheiro da gasolina para pagar os insurgentes”, em uma aparente referência ao novo fundo bilionário para “vítimas de guerra jurídica e instrumentalização da justiça”","https://rollingstone.com.br/wp-content/uploads/2026/06/The-Chicks-1.jpg","natalie-maines-da-banda-the-chicks-critica-donald-trump-chamando-o-de-va-feia-apos-a-criacao-de-um-fundo-secreto-para-aliados","publish","2026-06-18T11:31:43-03:00","Rolling Stone Brasil"
"304687","2026-06-17T18:35:22","2026-06-17T21:35:22","Homem-Aranha está perdendo a cabeça em novo trailer de ‘Um Novo Dia’","https://rollingstone.com.br/cinema/homem-aranha-um-novo-dia-segundo-trailer/","Henrique Nascimento (@hc_nascimento)","Cinema","Novidade, que se passa quatro anos após os eventos de Homem-Aranha: Sem Volta Para Casa, mostra o herói lidando com o mundo sozinho","https://rollingstone.com.br/wp-content/uploads/2026/06/Homem-Aranha-esta-perdendo-a-cabeca-em-novo-trailer-de-Um-Novo-Dia-DivulgacaoSony-Pictures.jpg","homem-aranha-um-novo-dia-segundo-trailer","publish","2026-06-18T11:31:43-03:00","Rolling Stone Brasil"
"304664","2026-06-17T18:05:08","2026-06-17T21:05:08","Do casamento em Vegas ao pedido de divórcio: a linha do tempo do relacionamento de Jelly Roll e Bunnie Xo","https://rollingstone.com.br/country/do-casamento-em-vegas-ao-pedido-de-divorcio-a-linha-do-tempo-do-relacionamento-de-jelly-roll-e-bunnie-xo/","Jon Blistein","Country; Entretenimento; Música","Desde que se conheceram em 2015 e se casaram um ano depois, o casal tem sido extremamente sincero sobre os altos e baixos do seu casamento","https://rollingstone.com.br/wp-content/uploads/2026/06/Jelly-Roll-e-Bunnie-Xo.jpg","do-casamento-em-vegas-ao-pedido-de-divorcio-a-linha-do-tempo-do-relacionamento-de-jelly-roll-e-bunnie-xo","publish","2026-06-18T11:31:43-03:00","Rolling Stone Brasil"
"304674","2026-06-17T17:30:35","2026-06-17T20:30:35","A turnê ‘Lux’ de Rosalía é um espetáculo que só ela conseguiria realizar","https://rollingstone.com.br/guia-show/a-turne-lux-de-rosalia-e-um-espetaculo-que-so-ela-conseguiria-realizar/","Julyssa Lopez","Shows","A visionária espanhola iniciou uma temporada de duas noites no Madison Square Garden, encenando um show que era parte ópera, parte balé, parte extravagância pop — e totalmente dela","https://rollingstone.com.br/wp-content/uploads/2025/12/rosalia-anuncia-show-brasil-rio-de-janeiro-foto-Kevin-Winter-Getty-Images-for-Latin-Recording-Academy-1797375276.jpg","a-turne-lux-de-rosalia-e-um-espetaculo-que-so-ela-conseguiria-realizar","publish","2026-06-18T11:31:43-03:00","Rolling Stone Brasil"
"304676","2026-06-17T17:30:33","2026-06-17T20:30:33","Luigi Mangione alega ‘distúrbio emocional extremo’ em defesa no caso do atentado contra o CEO da UnitedHealthcare","https://rollingstone.com.br/noticia/luigi-mangione-alega-disturbio-emocional-extremo-em-defesa-no-caso-do-atentado-contra-o-ceo-da-unitedhealthcare/","Rolling Stone","Notícias","Em uma tensa audiência hoje, advogados de Luigi Mangione disseram que podem usar uma ‘defesa psiquiátrica’ quando o julgamento começar em setembro","https://rollingstone.com.br/wp-content/uploads/2024/12/luigi-mangione-suspeito-assassinato-ceo-convenio-foto.jpg","luigi-mangione-alega-disturbio-emocional-extremo-em-defesa-no-caso-do-atentado-contra-o-ceo-da-unitedhealthcare","publish","2026-06-18T11:31:43-03:00","Rolling Stone Brasil"
"304677","2026-06-17T17:30:32","2026-06-17T20:30:32","Harry Styles acaba de entregar a maior performance de sua carreira solo","https://rollingstone.com.br/musica/harry-styles-acaba-de-entregar-a-maior-performance-de-sua-carreira-solo/","Rolling Stone","Música","Um lançamento oficial desta noite incrivelmente especial no Meltdown Festival, em Londres, é indispensável","https://rollingstone.com.br/wp-content/uploads/2026/03/GettyImages-2264115865-scaled-e1772635461846.jpg","harry-styles-acaba-de-entregar-a-maior-performance-de-sua-carreira-solo","publish","2026-06-18T11:31:43-03:00","Rolling Stone Brasil"
"304645","2026-06-17T16:25:45","2026-06-17T19:25:45","Não, Zac Brown, seu hino na UFC não foi ‘patriótico’","https://rollingstone.com.br/country/nao-zac-brown-seu-hino-na-ufc-nao-foi-patriotico/","Rolling Stone","Country; Política","Por mais que tente, o cantor country não pode alegar que sua presença na luta de Trump na Casa Branca tenha sido algo além de política","https://rollingstone.com.br/wp-content/uploads/2026/06/Zac-Brown.jpg","nao-zac-brown-seu-hino-na-ufc-nao-foi-patriotico","publish","2026-06-18T11:31:43-03:00","Rolling Stone Brasil"
"304651","2026-06-17T16:25:39","2026-06-17T19:25:39","Wagner Moura está em negociações para se juntar ao prelúdio de ‘Onze Homens e um Segredo’","https://rollingstone.com.br/cinema/wagner-moura-esta-em-negociacoes-para-se-juntar-ao-preludio-de-onze-homens-e-um-segredo/","Henrique Nascimento (@hc_nascimento)","Cinema","Novidade será estrelada por Margot Robbie (Era Uma Vez em… Hollywood) e Bradley Cooper (Nasce Uma Estrela), que também irá roteirizar e dirigir o longa","https://rollingstone.com.br/wp-content/uploads/2026/06/Wagner-Moura-de-O-Agente-Secreto-esta-em-negociacoes-para-se-juntar-ao-preludio-de-Onze-Homens-e-um-Segredo-Divulgacao.jpg","wagner-moura-esta-em-negociacoes-para-se-juntar-ao-preludio-de-onze-homens-e-um-segredo","publish","2026-06-18T11:31:43-03:00","Rolling Stone Brasil"
"304628","2026-06-17T16:03:02","2026-06-17T19:03:02","‘Marta’, filme estrelado por Alice Carvalho, inicia filmagens no Brasil e ganha data de estreia","https://rollingstone.com.br/cinema/marta-filme-estrelado-por-alice-carvalho-inicia-filmagens-no-brasil-e-ganha-data-de-estreia/","Gabriela Nangino (@gabinangino)","Cinema","Dirigido por Andrucha Waddington (Vitória), cinebiografia da icônica jogadora de futebol chega aos cinemas em 2027; confira detalhes","https://rollingstone.com.br/wp-content/uploads/2026/06/MARTA-LauraCampanella-2-1-capa.jpg","marta-filme-estrelado-por-alice-carvalho-inicia-filmagens-no-brasil-e-ganha-data-de-estreia","publish","2026-06-18T11:31:43-03:00","Rolling Stone Brasil"
"304637","2026-06-17T15:43:58","2026-06-17T18:43:58","Jelly Roll entra com pedido de divórcio de Bunnie Xo","https://rollingstone.com.br/country/jelly-roll-entra-com-pedido-de-divorcio-de-bunnie-xo/","Joseph Hudak","Country; Música; Notícias","O cantor country casou-se com a criadora de conteúdo adulto em 2016, em Las Vegas","https://rollingstone.com.br/wp-content/uploads/2026/06/Jelly-Roll-e-Bunnie-Xo-na-cerimonia-do-Grammy-de-2026.jpg","jelly-roll-entra-com-pedido-de-divorcio-de-bunnie-xo","publish","2026-06-18T11:31:43-03:00","Rolling Stone Brasil"
"304619","2026-06-17T15:34:00","2026-06-17T18:34:00","Limp Bizkit: Wes Borland fala pela primeira vez sobre a morte de Sam Rivers","https://rollingstone.com.br/musica/limp-bizkit-wes-borland-fala-pela-primeira-vez-sobre-a-morte-de-sam-rivers/","Gabriela Nangino (@gabinangino)","Música","Rivers, baixista e fundador do Limp Bizkit ao lado do vocalista Fred Durst, faleceu em 18 de outubro de 2025, aos 48 anos","https://rollingstone.com.br/wp-content/uploads/2026/02/Wes-Borland-Limp-Bizkit-2025-01-foto-Ellen-Artie.jpg","limp-bizkit-wes-borland-fala-pela-primeira-vez-sobre-a-morte-de-sam-rivers","publish","2026-06-18T11:31:43-03:00","Rolling Stone Brasil"
"304620","2026-06-17T15:26:35","2026-06-17T18:26:35","Shania Twain está abrindo shows de Harry Styles. Tudo começou com uma ligação para a mãe de Harry","https://rollingstone.com.br/country/shania-twain-esta-abrindo-shows-de-harry-styles-tudo-comecou-com-uma-ligacao-para-a-mae-de-harry/","Joseph Hudak","Country","“Ele disse: ‘Sou muito grato à minha mãe por ter conhecido sua música. Você é a rainha para mim desde então’”, conta Twain","https://rollingstone.com.br/wp-content/uploads/2026/06/Shania-Twain-e-Harry-Styles-no-Coachella-2022.jpg","shania-twain-esta-abrindo-shows-de-harry-styles-tudo-comecou-com-uma-ligacao-para-a-mae-de-harry","publish","2026-06-18T11:31:43-03:00","Rolling Stone Brasil"
"304632","2026-06-17T15:21:47","2026-06-17T18:21:47","O que Elvis Presley ouvia: conheça os artistas e gêneros que o Rei do Rock colecionava","https://rollingstone.com.br/musica/o-que-elvis-presley-ouvia-conheca-os-artistas-e-generos-que-o-rei-do-rock-colecionava/","Kadu Soares (@kadusoares__)","Música","Coleção pessoal preservada em Graceland reúne mais de 2 mil discos, entre gospel, country, R&B, jazz, comédia e até gravações de discursos de Martin Luther King Jr.","https://rollingstone.com.br/wp-content/uploads/2026/04/GettyImages-74290724-e1775655805932.jpg","o-que-elvis-presley-ouvia-conheca-os-artistas-e-generos-que-o-rei-do-rock-colecionava","publish","2026-06-18T11:31:43-03:00","Rolling Stone Brasil"
"304626","2026-06-17T15:17:02","2026-06-17T18:17:02","Morre Daveigh Chase, a Samara de ‘O Chamado’, aos 35 anos","https://rollingstone.com.br/cinema/morre-daveigh-chase-a-samara-de-o-chamado-aos-35-anos/","Henrique Nascimento (@hc_nascimento)","Cinema; Notícias","Além da assustadora vilã, a atriz também deu voz a Lilo na animação Lilo & Stitch, lançada em 2000","https://rollingstone.com.br/wp-content/uploads/2026/06/Morre-Daveigh-Chase-a-Samara-de-O-Chamado-aos-35-anos-Divulgacao.jpg","morre-daveigh-chase-a-samara-de-o-chamado-aos-35-anos","publish","2026-06-18T11:31:43-03:00","Rolling Stone Brasil"
"304621","2026-06-17T14:52:12","2026-06-17T17:52:12","Spotify Sessions Brasil estreia em 2026 com Matchola, Russo Passapusso e Rodrigo de Paula","https://rollingstone.com.br/musica/spotify-sessions-brasil-estreia-em-2026-com-matchola-russo-passapusso-e-rodrigo-de-paula/","Kadu Soares (@kadusoares__)","Música","Trio criativo transforma o Palacete Tira-Chapéu em um estúdio único, conectando música e arquitetura baiana a uma sintonia que começou profissional e virou amizade","https://rollingstone.com.br/wp-content/uploads/2026/06/spotify-sessions-rolling-stone.jpg","spotify-sessions-brasil-estreia-em-2026-com-matchola-russo-passapusso-e-rodrigo-de-paula","publish","2026-06-18T11:31:43-03:00","Rolling Stone Brasil"
"304170","2026-06-17T13:58:54","2026-06-17T16:58:54","Quanto falta para a cinebiografia de Michael Jackson superar US$ 1 bilhão em bilheterias?","https://rollingstone.com.br/cinema/quanto-falta-para-michael-cinebiografia-de-michael-jackson-superar-us-1-bilhao-em-bilheterias/","Henrique Nascimento (@hc_nascimento)","Cinema","Produção já ultrapassou US$ 900 milhões e superou Bohemian Rhapsody, produção sobre Freddie Mercury e a banda Queen, tornando-se a maior biografia cinematográfica da história","https://rollingstone.com.br/wp-content/uploads/2026/06/Quanto-falta-para-Michael-cinebiografia-de-Michael-Jackson-superar-US-1-bilhao-em-bilheterias-Divulgacao.jpg","quanto-falta-para-michael-cinebiografia-de-michael-jackson-superar-us-1-bilhao-em-bilheterias","publish","2026-06-18T11:31:43-03:00","Rolling Stone Brasil"
"304550","2026-06-17T13:20:07","2026-06-17T16:20:07","‘The Pitt’ anuncia início da produção de sua 3ª temporada","https://rollingstone.com.br/entretenimento/the-pitt-anuncia-inicio-da-producao-de-sua-3a-temporada/","Henrique Nascimento (@hc_nascimento)","Entretenimento; TV","Drama médico retrata, hora a hora, a rotina de um dia de trabalho em um hospital de Pittsburgh, na Pensilvânia","https://rollingstone.com.br/wp-content/uploads/2026/06/The-Pitt-anuncia-inicio-da-producao-de-sua-3a-temporada-DivulgacaoHBO-Max.jpg","the-pitt-anuncia-inicio-da-producao-de-sua-3a-temporada","publish","2026-06-18T11:31:43-03:00","Rolling Stone Brasil"
"304396","2026-06-17T12:57:47","2026-06-17T15:57:47","Que horas estreia o 7º episódio de ‘Rancho Dutton’, série do universo de ‘Yellowstone’?","https://rollingstone.com.br/entretenimento/que-horas-estreia-o-7o-episodio-de-rancho-dutton-serie-do-universo-de-yellowstone/","Redação","Entretenimento; TV","A série foi criada por Chad Feehan (Ray Donovan) com base em personagens desenvolvidos por Taylor Sheridan","https://rollingstone.com.br/wp-content/uploads/2026/06/Que-horas-estreia-o-7o-episodio-de-‘Rancho-Dutton-serie-do-universo-de-‘Yellowstone-DivulgacaoParamount.jpg","que-horas-estreia-o-7o-episodio-de-rancho-dutton-serie-do-universo-de-yellowstone","publish","2026-06-18T11:31:43-03:00","Rolling Stone Brasil"
"304587","2026-06-17T12:37:54","2026-06-17T15:37:54","Como Toy Story 5 quer conscientizar o público: ‘Bonnie e os brinquedos vivenciam o que o resto do mundo está vivenciando’","https://rollingstone.com.br/cinema/como-toy-story-5-quer-conscientizar-o-publico-bonnie-e-os-brinquedos-vivenciam-o-que-o-resto-do-mundo-esta-vivenciando/","Gabriela Nangino (@gabinangino)","Cinema","A co-diretora McKenna Harris e a produtora Lindsay Collins falam à Rolling Stone Brasil sobre como o novo filme da Pixar aborda temas que afligem a infância na atualidade","https://rollingstone.com.br/wp-content/uploads/2026/05/Toy-Story-5-sera-companheiro-emocional-de-Toy-Story-2-revela-produtora.jpg","como-toy-story-5-quer-conscientizar-o-publico-bonnie-e-os-brinquedos-vivenciam-o-que-o-resto-do-mundo-esta-vivenciando","publish","2026-06-18T11:31:43-03:00","Rolling Stone Brasil"
"304573","2026-06-17T12:31:22","2026-06-17T15:31:22","Por que Mick Jagger detesta que chamem os Rolling Stones de ‘a maior banda de todas’","https://rollingstone.com.br/musica/por-que-mick-jagger-detesta-que-chamem-os-rolling-stones-de-a-maior-banda-de-todas/","Redação","Música","Durante uma entrevista à Rolling Stone em 1995, Jagger detonou o termo e afirmou que a música não deveria ser uma competição","https://rollingstone.com.br/wp-content/uploads/2023/09/mick-jagger-photo-by-ethan-miller-getty-images.jpg","por-que-mick-jagger-detesta-que-chamem-os-rolling-stones-de-a-maior-banda-de-todas","publish","2026-06-18T11:31:43-03:00","Rolling Stone Brasil"
"304588","2026-06-17T12:20:06","2026-06-17T15:20:06","Oferta do dia: fone Galaxy Buds3 da Samsung com desconto de 55%","https://rollingstone.com.br/ofertas/oferta-do-dia-fone-galaxy-buds3-da-samsung-com-desconto-de-55/","AMDB Ofertas","Ofertas","O fone da Samsung está com um desconto imperdível por tempo limitado na Amazon","https://rollingstone.com.br/wp-content/uploads/2026/06/buds3_x1.jpg","oferta-do-dia-fone-galaxy-buds3-da-samsung-com-desconto-de-55","publish","2026-06-18T11:31:43-03:00","Rolling Stone Brasil"
"304562","2026-06-17T12:19:10","2026-06-17T15:19:10","Tom Holland quer que ator de ‘Adolescência’ seja o próximo Homem-Aranha","https://rollingstone.com.br/cinema/tom-holland-quer-que-ator-de-adolescencia-seja-o-proximo-homem-aranha/","Gabriela Nangino (@gabinangino)","Cinema","Holland está prestes a estrelar “Homem-Aranha: Um Novo Dia”, quarto longa no papel de Peter Parker/Homem-Aranha e sétima aparição do ator como o personagem","https://rollingstone.com.br/wp-content/uploads/2025/07/tom-holland-celebra-a-odisseia-de-nolan-como-o-papel-de-sua-vida_1933872984.jpg","tom-holland-quer-que-ator-de-adolescencia-seja-o-proximo-homem-aranha","publish","2026-06-18T11:31:43-03:00","Rolling Stone Brasil"
"304579","2026-06-17T12:02:02","2026-06-17T15:02:02","O motivo que levou Wyclef Jean a desligar o telefone na cara de Michael Jackson","https://rollingstone.com.br/musica/o-motivo-que-levou-wyclef-jean-a-desligar-o-telefone-na-cara-de-michael-jackson/","Kadu Soares (@kadusoares__)","Música","Após o sucesso de ‘The Score’, Michael Jackson ligou para elogiar Gone Till November e Wyclef desligou na cara do Rei do Pop por um motivo inesperado","https://rollingstone.com.br/wp-content/uploads/2026/06/wyclef-jean-Bobby-Bank-WireImage-2265878310-e-michael-jackson-Phil-Walter-Getty-Images-71437021.png","o-motivo-que-levou-wyclef-jean-a-desligar-o-telefone-na-cara-de-michael-jackson","publish","2026-06-18T11:31:43-03:00","Rolling Stone Brasil"
"304565","2026-06-17T11:26:35","2026-06-17T14:26:35","Ingressos para ‘Homem-Aranha: Um Novo Dia’ já estão à venda","https://rollingstone.com.br/cinema/ingressos-para-homem-aranha-um-novo-dia-ja-estao-a-venda/","Henrique Nascimento (@hc_nascimento)","Cinema","Novidade, que se passa quatro anos após os eventos de Homem-Aranha: Sem Volta Para Casa, mostra o herói lidando com o mundo sozinho","https://rollingstone.com.br/wp-content/uploads/2026/06/Ingressos-para-Homem-Aranha-Um-Novo-Dia-ja-estao-a-venda-DivulgacaoSony-Pictures-Brasil.jpg","ingressos-para-homem-aranha-um-novo-dia-ja-estao-a-venda","publish","2026-06-18T11:31:43-03:00","Rolling Stone Brasil"
"304561","2026-06-17T11:14:12","2026-06-17T14:14:12","Que horas estreia o 4º episódio de ‘Cabo do Medo’, série com Javier Bardem?","https://rollingstone.com.br/entretenimento/que-horas-estreia-o-4o-episodio-de-cabo-do-medo-serie-com-javier-bardem/","Redação","Entretenimento; TV","A novidade acompanha a rotina de um casal de advogados bem-sucedidos que vê sua estabilidade ruir com a chegada de uma ameaça do passado","https://rollingstone.com.br/wp-content/uploads/2026/06/Que-horas-estreia-o-4o-episodio-de-Cabo-do-Medo-serie-com-Javier-Bardem-Divulgacao.jpg","que-horas-estreia-o-4o-episodio-de-cabo-do-medo-serie-com-javier-bardem","publish","2026-06-18T11:31:43-03:00","Rolling Stone Brasil"
"304559","2026-06-17T10:27:52","2026-06-17T13:27:52","Julgamento de Chris Brown por ataque de cachorro é adiado após declaração de nulidade","https://rollingstone.com.br/noticia/julgamento-de-chris-brown-por-ataque-de-cachorro-e-adiado-apos-declaracao-de-nulidade/","Nancy Dillon","Notícias","Um juiz de Los Angeles dispensou os jurados, citando má conduta de um integrante do júri, e determinou que Brown retornasse na quinta-feira para o início dos depoimentos em um novo julgamento","https://rollingstone.com.br/wp-content/uploads/2025/07/chris-brown-se-declara-inocente-sobre-caso-de-agressao-na-inglaterra-2223881255_dr183727464.jpg","julgamento-de-chris-brown-por-ataque-de-cachorro-e-adiado-apos-declaracao-de-nulidade","publish","2026-06-18T11:31:43-03:00","Rolling Stone Brasil"
"304557","2026-06-17T10:25:27","2026-06-17T13:25:27","Tom Holland praticamente confirma o casamento com Zendaya","https://rollingstone.com.br/entretenimento/tom-holland-praticamente-confirma-o-casamento-com-zendaya/","Jon Blistein","Entretenimento","O ator chegou perto de confirmar as núpcias, que eram rumoradas há muito tempo, em uma nova entrevista — sem, de fato, dizer nada de muito substantivo","https://rollingstone.com.br/wp-content/uploads/2026/04/Zendaya-revela-quando-soube-que-Tom-Holland-era-a-pessoa-certa-Emma-McIntyreGetty-Images-1358900212.jpg","tom-holland-praticamente-confirma-o-casamento-com-zendaya","publish","2026-06-18T11:31:43-03:00","Rolling Stone Brasil"
"304554","2026-06-17T10:21:07","2026-06-17T13:21:07","Quando estreia o 10º e último episódio de ‘O Segredo de Widow’s Bay’?","https://rollingstone.com.br/entretenimento/quando-estreia-o-10o-e-ultimo-episodio-de-o-segredo-de-widows-bay/","Redação","Entretenimento; TV","Novidade, que é inspirada pela obra de Stephen King, está disponível no Apple TV, com lançamentos semanais","https://rollingstone.com.br/wp-content/uploads/2026/06/Quando-estreia-o-10o-e-ultimo-episodio-de-O-Segredo-de-Widows-Bay-DivulgacaoApple-TV.jpg","quando-estreia-o-10o-e-ultimo-episodio-de-o-segredo-de-widows-bay","publish","2026-06-18T11:31:43-03:00","Rolling Stone Brasil"
"304085","2026-06-17T09:50:21","2026-06-17T12:50:21","O rockstar que, assim como Tyler Mane (X-Man), teve câncer de mama","https://rollingstone.com.br/musica/o-rockstar-que-assim-como-tyler-mane-x-man-teve-cancer-de-mama/","Guilherme Gonçalves (@guiiilherme_agb)","Música","Apesar de associada quase que exclusivamente ao público feminino, doença também acomete homens e demanda quebra de preconceito","https://rollingstone.com.br/wp-content/uploads/2026/06/tyler-mane-2024-foto-James-Devaney-GC-Images-2163364184.jpg","o-rockstar-que-assim-como-tyler-mane-x-man-teve-cancer-de-mama","publish","2026-06-18T11:31:43-03:00","Rolling Stone Brasil"
"301257","2026-06-17T09:35:45","2026-06-17T12:35:45","A melhor banda do rock brasileiro na opinião de tecladista do Roupa Nova","https://rollingstone.com.br/musica/a-melhor-banda-do-rock-brasileiro-na-opiniao-de-tecladista-do-roupa-nova/","Guilherme Gonçalves (@guiiilherme_agb)","Música","Ricardo Feghali exalta grupo oriundo de Minas Gerais e lamenta o fim da era dos álbuns: ‘as músicas estão tão voláteis’","https://rollingstone.com.br/wp-content/uploads/2026/05/ricardo-feghali-roupa-nova-foto-andre-tedim-@andretedimphotography.jpg","a-melhor-banda-do-rock-brasileiro-na-opiniao-de-tecladista-do-roupa-nova","publish","2026-06-18T11:31:43-03:00","Rolling Stone Brasil"
"304548","2026-06-17T09:25:13","2026-06-17T12:25:13","As 5 melhores bandas de todos os tempos, segundo Dave Grohl","https://rollingstone.com.br/musica/as-5-melhores-bandas-de-todos-os-tempos-segundo-dave-grohl/","Kadu Soares (@kadusoares__)","Música","Líder do Foo Fighters, banda que será headliner do Palco Mundo no Rock in Rio 2026, em 4 de setembro, o músico revelou os nomes que moldaram sua trajetória","https://rollingstone.com.br/wp-content/uploads/2024/10/dave-grohl-se-apresentando-com-o-foof-fighters-no-glastonbury-em-2023-foto-harry-durrantgetty-images.jpg","as-5-melhores-bandas-de-todos-os-tempos-segundo-dave-grohl","publish","2026-06-18T11:31:43-03:00","Rolling Stone Brasil"
"301498","2026-06-17T09:05:47","2026-06-17T12:05:47","A curiosa história da banda hard rock de Cher, Black Rose","https://rollingstone.com.br/musica/cher-black-rose-banda-hard-rock/","Guilherme Gonçalves (@guiiilherme_agb)","Música","No auge do sucesso pop em 1980, cantora tentou esconder a própria identidade para liderar projeto e até recrutou guitarrista da Allman Brothers Band","https://rollingstone.com.br/wp-content/uploads/2026/05/cher-black-rose-1980-foto-Aaron-Rapoport-Corbis-Getty-Images-1155033638.jpg","cher-black-rose-banda-hard-rock","publish","2026-06-18T11:31:43-03:00","Rolling Stone Brasil"
"304542","2026-06-17T08:47:00","2026-06-17T11:47:00","‘Toy Story 5’ ganha sessões antecipadas a partir desta quarta-feira (17)","https://rollingstone.com.br/cinema/toy-story-5-ganha-sessoes-antecipadas-a-partir-desta-quarta-feira-17/","Henrique Nascimento (@hc_nascimento)","Cinema","Sete anos após o lançamento do último filme, Woody, Buzz Lightyear e companhia retornam em uma nova aventura","https://rollingstone.com.br/wp-content/uploads/2026/06/Toy-Story-5-ganha-sessoes-antecipadas-a-partir-desta-quarta-feira-17-DivulgacaoDisney-Pixar.jpg","toy-story-5-ganha-sessoes-antecipadas-a-partir-desta-quarta-feira-17","publish","2026-06-18T11:31:43-03:00","Rolling Stone Brasil"
"301196","2026-06-17T08:35:46","2026-06-17T11:35:46","A banda que ensinou Andreas Kisser a tocar guitarra heavy metal","https://rollingstone.com.br/musica/andreas-kisser-banda-ensinou-tocar-guitarra-heavy-metal/","Guilherme Gonçalves (@guiiilherme_agb)","Música","Integrante do Sepultura exalta a simplicidade eficiente de um dos discos clássicos desse grupo britânico e diz que ele foi fundamental em sua trajetória","https://rollingstone.com.br/wp-content/uploads/2026/03/Andreas-Kisser-Sepultura-2025-01-foto-Ellen-Artie-@ellenartie.jpg","andreas-kisser-banda-ensinou-tocar-guitarra-heavy-metal","publish","2026-06-18T11:31:43-03:00","Rolling Stone Brasil"
"304500","2026-06-17T08:34:32","2026-06-17T11:34:32","As 100 melhores músicas de Drake","https://rollingstone.com.br/musica/100-melhores-musicas-drake/","Rolling Stone","Música","Os melhores momentos do 6 God — de sucessos estrondosos nas pistas de dança a confissões melancólicas na calada da noite, de freestyles matadores a colaborações lendárias e muito mais.","https://rollingstone.com.br/wp-content/uploads/2024/05/drake-rapper-cantor-foto-paras-griffin-getty-images.jpg","100-melhores-musicas-drake","publish","2026-06-18T11:31:43-03:00","Rolling Stone Brasil"
"304507","2026-06-17T08:34:29","2026-06-17T11:34:29","Qual é o melhor álbum de Justin Bieber? Os 10 discos ranqueados do pior ao melhor, segundo a Rolling Stone","https://rollingstone.com.br/musica/lista-albuns-justin-bieber/","Kadu Soares (@kadusoares__)","Música","Do pop adolescente ao R&B maduro, passando por crises públicas e grandes redenções, a discografia do canadense é um retrato honesto de quem ele é","https://rollingstone.com.br/wp-content/uploads/2026/06/justin-bieber-Nicky-Loh-Getty-Images-foto-jornalistica-181672611.jpg","lista-albuns-justin-bieber","publish","2026-06-18T11:31:43-03:00","Rolling Stone Brasil"
"304543","2026-06-17T08:34:27","2026-06-17T11:34:27","‘Toy Story 5’ é o que acontece quando você espanca uma franquia até a morte","https://rollingstone.com.br/cinema/toy-story-5-e-o-que-acontece-quando-voce-espanca-uma-franquia-ate-a-morte/","David Fear","Cinema","Por que você está fazendo isso, Pixar? Por quê?","https://rollingstone.com.br/wp-content/uploads/2025/11/Quando-estreia-Toy-Story-5-nova-sequencia-da-animacao-da-Pixar.jpg","toy-story-5-e-o-que-acontece-quando-voce-espanca-uma-franquia-ate-a-morte","publish","2026-06-18T11:31:43-03:00","Rolling Stone Brasil"
"302676","2026-06-17T08:05:56","2026-06-17T11:05:56","Como um poema antigo originou a música de rock mais ouvida da história do Spotify","https://rollingstone.com.br/musica/musica-de-rock-mais-ouvida-da-historia-do-spotify/","Pedro Hollanda (@phollanda21)","Música","Vocalista e guitarrista do Arctic Monkeys se inspirou em versos que conheceu quando ainda estava na escola para fazer música do álbum ‘AM’ (2013)","https://rollingstone.com.br/wp-content/uploads/2025/07/alex-turner-arctic-monkeys-2013-foto-jeff-kravitz-filmmagic.jpg","musica-de-rock-mais-ouvida-da-historia-do-spotify","publish","2026-06-18T11:31:43-03:00","Rolling Stone Brasil"
"303205","2026-06-17T07:35:38","2026-06-17T10:35:38","Por que Noel Gallagher odiou tocar no estádio de Wembley","https://rollingstone.com.br/musica/noel-gallagher-odiou-tocar-no-estadio-de-wembley/","Guilherme Gonçalves (@guiiilherme_agb)","Música","Show caótico em 2000 e sensação de deslocamento no estádio durante carreira solo após hiato do Oasis explicam; entenda","https://rollingstone.com.br/wp-content/uploads/2025/07/noel-gallagher-oasis-2024-foto-steve-thorne-redferns.jpg","noel-gallagher-odiou-tocar-no-estadio-de-wembley","publish","2026-06-18T11:31:43-03:00","Rolling Stone Brasil"
"304503","2026-06-16T19:03:00","2026-06-16T22:03:00","A música hit que Amy Winehouse quase não gravou, segundo Mark Ronson","https://rollingstone.com.br/musica/a-musica-hit-que-amy-winehouse-quase-nao-gravou-segundo-mark-ronson/","Giovana Laurelli (@gii_laurelli)","Música","O produtor da estrela relembrou hesitar em auxiliar na criação de faixa de Back to Black (2006), por conta do histórico de vícios da artista","https://rollingstone.com.br/wp-content/uploads/2026/06/Mark-Ronson-e-Amy-Winehouse-em-2008.jpg","a-musica-hit-que-amy-winehouse-quase-nao-gravou-segundo-mark-ronson","publish","2026-06-18T11:31:43-03:00","Rolling Stone Brasil"
"304522","2026-06-16T17:38:07","2026-06-16T20:38:07","Neymar licencia a própria imagem para plataforma chinesa e vai estrelar séries verticais geradas por IA","https://rollingstone.com.br/entretenimento/neymar-licencia-a-propria-imagem-para-plataforma-chinesa-e-vai-estrelar-series-verticais-geradas-por-ia/","Kadu Soares (@kadusoares__)","Entretenimento","Parceria com a FlareFlow inclui títulos que colocam o jogador em tramas de redenção esportiva, torneios intergalácticos e missões sobrenaturais; primeiros episódios estreiam entre 19 e 22 de junho","https://rollingstone.com.br/wp-content/uploads/2026/06/neymar-James-Gill-Danehouse-Getty-Images-foto-jornalistica-2281534359.jpg","neymar-licencia-a-propria-imagem-para-plataforma-chinesa-e-vai-estrelar-series-verticais-geradas-por-ia","publish","2026-06-18T11:31:43-03:00","Rolling Stone Brasil"
"304514","2026-06-16T16:52:51","2026-06-16T19:52:51","Como Gilberto Gil inspirou Chico Buarque a compor o clássico ‘A Banda’","https://rollingstone.com.br/musica/como-gilberto-gil-inspirou-chico-buarque-a-compor-o-classico-a-banda/","Kadu Soares (@kadusoares__)","Música","Numa noite em um bar de São Paulo, uma apresentação de Gil despertou a competitividade de Chico — e o resultado foi uma das canções mais importantes da história da MPB","https://rollingstone.com.br/wp-content/uploads/2026/06/gilberto-gil-e-chico-buarque-Claudia-Ferreira-Getty-Images-foto-jornalistica-2115461767.jpg","como-gilberto-gil-inspirou-chico-buarque-a-compor-o-classico-a-banda","publish","2026-06-18T11:31:43-03:00","Rolling Stone Brasil"
"304487","2026-06-16T16:07:36","2026-06-16T19:07:36","Dwayne Johnson confirma vinda ao Brasil para lançamento de live-action de ‘Moana’","https://rollingstone.com.br/cinema/dwayne-johnson-confirma-vinda-ao-brasil-para-lancamento-de-live-action-de-moana/","Henrique Nascimento (@hc_nascimento)","Cinema","Ator, que volta a viver o semideus Maui, desembarca no país no início de julho","https://rollingstone.com.br/wp-content/uploads/2026/06/Dwayne-Johnson-confirma-vinda-ao-Brasil-para-lancamento-de-live-action-de-Moana-DivulgacaoDisney-Studios.jpg","dwayne-johnson-confirma-vinda-ao-brasil-para-lancamento-de-live-action-de-moana","publish","2026-06-18T11:31:43-03:00","Rolling Stone Brasil"
"304475","2026-06-16T15:55:32","2026-06-16T18:55:32","As duas seleções que Noel Gallagher quer na final da Copa do Mundo","https://rollingstone.com.br/musica/as-duas-selecoes-que-noel-gallagher-quer-na-final-da-copa-do-mundo/","Guilherme Gonçalves (@guiiilherme_agb)","Música","Cético sobre as chances da Inglaterra, músico projeta quais seleções espera ver na decisão do Mundial, marcada para 19 de julho","https://rollingstone.com.br/wp-content/uploads/2025/04/noel-gallagher-oasis-2020s-foto-david-m-benett-dave-benett-getty-images-for-trafalgar-releasing.jpg","as-duas-selecoes-que-noel-gallagher-quer-na-final-da-copa-do-mundo","publish","2026-06-18T11:31:43-03:00","Rolling Stone Brasil"
"304451","2026-06-16T15:47:15","2026-06-16T18:47:15","O que diz CEO da Fender sobre polêmicas notificações contra outras fabricantes","https://rollingstone.com.br/musica/o-que-diz-ceo-da-fender-sobre-polemicas-notificacoes-contra-outras-fabricantes/","Guilherme Gonçalves (@guiiilherme_agb)","Música","Edward ‘Bud’ Cole nega processos e afirma que ação visa proteger o patrimônio histórico da Stratocaster contra clones idênticos","https://rollingstone.com.br/wp-content/uploads/2026/03/fender-stratocaster-guitara-foto-Scott-Dudelson-Getty-Images-1396041807.jpg","o-que-diz-ceo-da-fender-sobre-polemicas-notificacoes-contra-outras-fabricantes","publish","2026-06-18T11:31:43-03:00","Rolling Stone Brasil"
"304429","2026-06-16T15:39:16","2026-06-16T18:39:16","Rod Stewart irrita fãs ao cancelar show e logo ser flagrado em jogo da Copa","https://rollingstone.com.br/musica/rod-stewart-irrita-fas-ao-cancelar-show-e-logo-ser-flagrado-em-jogo-da-copa/","Guilherme Gonçalves (@guiiilherme_agb)","Música","Cantor alegou diagnóstico de sinusite e laringite para adiar apresentação na Califórnia, mas viajou no dia seguinte para apoiar a seleção da Escócia em Boston","https://rollingstone.com.br/wp-content/uploads/2025/06/rod-stewart-gettyimages-2217288152.jpg","rod-stewart-irrita-fas-ao-cancelar-show-e-logo-ser-flagrado-em-jogo-da-copa","publish","2026-06-18T11:31:43-03:00","Rolling Stone Brasil"
"304492","2026-06-16T15:38:30","2026-06-16T18:38:30","Future anuncia novo álbum solo, ‘The Real Me’, após campanha misteriosa do Spotify em outdoors pelo mundo","https://rollingstone.com.br/musica/future-anuncia-novo-album-solo-the-real-me-apos-campanha-misteriosa-do-spotify-em-outdoors-pelo-mundo/","Kadu Soares (@kadusoares__)","Música","Décimo disco solo do rapper de Atlanta ainda não tem data confirmada; anúncio ocorre dias após apresentação na abertura da Copa do Mundo 2026, nos Estados Unidos, ao lado de Tyla","https://rollingstone.com.br/wp-content/uploads/2026/06/future-Prince-Williams-FilmMagic-foto-jornalistica-2245109036.jpg","future-anuncia-novo-album-solo-the-real-me-apos-campanha-misteriosa-do-spotify-em-outdoors-pelo-mundo","publish","2026-06-18T11:31:43-03:00","Rolling Stone Brasil"
"304464","2026-06-16T15:28:29","2026-06-16T18:28:29","Joe Jonas lança faixa inspirada pela trilha sonora de ‘Hay Day’","https://rollingstone.com.br/musica/joe-jonas-lanca-faixa-inspirada-pela-trilha-sonora-de-hay-day/","Giovana Laurelli (@gii_laurelli)","Games; Música","“The Cozy Anthem” inaugura um festival de música virtual no jogo rural","https://rollingstone.com.br/wp-content/uploads/2026/06/Joe-Jonas.jpg","joe-jonas-lanca-faixa-inspirada-pela-trilha-sonora-de-hay-day","publish","2026-06-18T11:31:43-03:00","Rolling Stone Brasil"
"304460","2026-06-16T14:55:48","2026-06-16T17:55:48","Morre Raimundo Carrero, criador da lenda da Perna Cabeluda, aos 78 anos","https://rollingstone.com.br/noticia/morre-raimundo-carrero-criador-da-lenda-da-perna-cabeluda-aos-78-anos/","Redação","Notícias","Segundo a família do escritor, ele estava internado há uma semana em Recife, após sentir dores e descobrir um câncer avançado de pulmão","https://rollingstone.com.br/wp-content/uploads/2026/06/Morre-Raimundo-Carrero-criador-da-lenda-da-Perna-Cabeluda-aos-78-anos-Divulgacao.jpg","morre-raimundo-carrero-criador-da-lenda-da-perna-cabeluda-aos-78-anos","publish","2026-06-18T11:31:43-03:00","Rolling Stone Brasil"
"303556","2026-06-16T14:42:22","2026-06-16T17:42:22","The Cure está fazendo dois álbuns e há uma diferença curiosa entre eles","https://rollingstone.com.br/musica/the-cure-esta-fazendo-dois-albuns-e-ha-uma-diferenca-curiosa-entre-eles/","Pedro Hollanda (@phollanda21)","Música","Robert Smith afirma que um dos discos trilha caminho ainda mais sombrio que ‘Songs of a Lost World’ (2024), enquanto outro é mais pop","https://rollingstone.com.br/wp-content/uploads/2026/06/the-cure-robert-smith-2026-foto-Xavi-Torrent-Getty-Images-2280112114.jpg","the-cure-esta-fazendo-dois-albuns-e-ha-uma-diferenca-curiosa-entre-eles","publish","2026-06-18T11:31:43-03:00","Rolling Stone Brasil"
"304433","2026-06-16T14:09:44","2026-06-16T17:09:44","Os 10 melhores livros de todos os tempos, segundo Stephen King","https://rollingstone.com.br/guia-livro/os-10-melhores-livros-de-todos-os-tempos-segundo-stephen-king/","Gabriela Nangino (@gabinangino)","Livros","Conhecido como o “Rei do Terror”, o autor de “It: A Coisa” e “O Iluminado” surpreendeu com sua seleção de obras","https://rollingstone.com.br/wp-content/uploads/2025/08/stephen-king-gettyimages-131859436.jpg","os-10-melhores-livros-de-todos-os-tempos-segundo-stephen-king","publish","2026-06-18T11:31:43-03:00","Rolling Stone Brasil"
"304427","2026-06-16T14:08:28","2026-06-16T17:08:28","Mick Jagger indica que Rolling Stones sairão em turnê em 2027: ‘Estou pronto’","https://rollingstone.com.br/musica/mick-jagger-indica-que-rolling-stones-sairao-em-turne-em-2027-estou-pronto/","Gabriela Nangino (@gabinangino)","Música","Os Rolling Stones estão se preparando para o lançamento de seu 25º álbum de estúdio, ‘Foreign Tongues’, que chega às plataformas digitais em 10 de julho","https://rollingstone.com.br/wp-content/uploads/2025/01/gettyimages-2161969003_40090927294.jpg","mick-jagger-indica-que-rolling-stones-sairao-em-turne-em-2027-estou-pronto","publish","2026-06-18T11:31:43-03:00","Rolling Stone Brasil"
"304458","2026-06-16T14:00:08","2026-06-16T17:00:08","Ofertas do dia: descontos de até 51% no Samsung Galaxy Watch8","https://rollingstone.com.br/ofertas/ofertas-do-dia-descontos-de-ate-51-no-samsung-galaxy-watch8/","AMDB Ofertas","Ofertas","O relógio inteligente da Samsung está com preço bastante reduzido na Amazon","https://rollingstone.com.br/wp-content/uploads/2026/06/sam_w8_x3.jpg","ofertas-do-dia-descontos-de-ate-51-no-samsung-galaxy-watch8","publish","2026-06-18T11:31:43-03:00","Rolling Stone Brasil"
"304339","2026-06-16T13:02:00","2026-06-16T16:02:00","Ingressos para ‘A Odisseia’, novo filme de Christopher Nolan, já estão à venda","https://rollingstone.com.br/cinema/ingressos-para-a-odisseia-novo-filme-de-christopher-nolan-ja-estao-a-venda/","Henrique Nascimento (@hc_nascimento)","Cinema","Longa, que promete ser um dos maiores projetos da carreira de Christopher Nolan, chega aos cinemas em breve","https://rollingstone.com.br/wp-content/uploads/2026/06/Ingressos-para-A-Odisseia-novo-filme-de-Christopher-Nolan-ja-estao-a-venda-DivulgacaoUniversal-Pictures.jpg","ingressos-para-a-odisseia-novo-filme-de-christopher-nolan-ja-estao-a-venda","publish","2026-06-18T11:31:43-03:00","Rolling Stone Brasil"
"304441","2026-06-16T12:38:52","2026-06-16T15:38:52","Faith No More firma acordo global com a 30e para retomada de turnês mundiais","https://rollingstone.com.br/musica/faith-no-more-firma-acordo-global-com-a-30e-para-retomada-de-turnes-mundiais/","Igor Miranda (@igormirandasite)","Música","Companhia brasileira terá papel estratégico e operacional para próximas excursões da banda, desde concepção de viagens pelos cinco continentes até desenvolvimento de marcas e experiências para fãs","https://rollingstone.com.br/wp-content/uploads/2026/06/faith-no-more-mike-patton-2015-foto-Miikka-Skaffari-FilmMagic-494326066.jpg","faith-no-more-firma-acordo-global-com-a-30e-para-retomada-de-turnes-mundiais","publish","2026-06-18T11:31:43-03:00","Rolling Stone Brasil"
"304238","2026-06-16T12:15:23","2026-06-16T15:15:23","Estreia, história e mais sobre ‘A Última Casa’, novo filme de Wagner Moura","https://rollingstone.com.br/cinema/estreia-historia-e-mais-sobre-a-ultima-casa-novo-filme-de-wagner-moura/","Henrique Nascimento (@hc_nascimento)","Cinema","Longa de ficção científica, dirigido por Louis Leterrier (Velozes & Furiosos 10), estreia em breve na plataforma de streaming","https://rollingstone.com.br/wp-content/uploads/2026/06/Estreia-historia-e-mais-sobre-A-Ultima-Casa-novo-filme-de-Wagner-Moura-DivulgacaoNetflix.jpg","estreia-historia-e-mais-sobre-a-ultima-casa-novo-filme-de-wagner-moura","publish","2026-06-18T11:31:43-03:00","Rolling Stone Brasil"
"304431","2026-06-16T12:03:51","2026-06-16T15:03:51","Seu Jorge narra documentário sobre a classificação histórica de Cabo Verde para a Copa do Mundo","https://rollingstone.com.br/entretenimento/seu-jorge-narra-documentario-sobre-a-classificacao-historica-de-cabo-verde-para-a-copa-do-mundo/","Kadu Soares (@kadusoares__)","Entretenimento","‘Um Milagre no Atlântico’, dirigido pelo brasileiro Cadu Machado, conecta futebol, identidade e diáspora cabo-verdiana; estreia prevista para o último trimestre de 2026","https://rollingstone.com.br/wp-content/uploads/2026/06/seu-jorge-divulgacao-rolling-stone.jpg","seu-jorge-narra-documentario-sobre-a-classificacao-historica-de-cabo-verde-para-a-copa-do-mundo","publish","2026-06-18T11:31:43-03:00","Rolling Stone Brasil"
"304398","2026-06-16T11:41:41","2026-06-16T14:41:41","Os melhores álbuns internacionais de 2026 até agora, segundo Rolling Stone","https://rollingstone.com.br/musica/os-melhores-albuns-internacionais-de-2026-ate-agora-segundo-rolling-stone/","Rolling Stone","Música","De superestrelas que fizeram grandes retornos a artistas em ascensão explorando novos sons ousados; da realeza do pop aos radicais do rap e aos corações partidos do country","https://rollingstone.com.br/wp-content/uploads/2026/06/Olivia-Rodrigo-BTS-e-Paul-McCartney-Fotos-Xavi-TorrentGetty-Images-Ethan-MillerGetty-Images-e-Jim-DysonGetty-Images-2280260527-2279031968-2190603043.jpg","os-melhores-albuns-internacionais-de-2026-ate-agora-segundo-rolling-stone","publish","2026-06-18T11:31:43-03:00","Rolling Stone Brasil"
"304409","2026-06-16T11:30:20","2026-06-16T14:30:20","BaianaSystem anuncia ‘O Mundo Dá Voltas Dando Voltas pelo Mundo’, álbum com ‘refixs’ que conectam Brasil, Nigéria, França, Portugal e Colômbia","https://rollingstone.com.br/musica/baianasystem-anuncia-o-mundo-da-voltas-dando-voltas-pelo-mundo-album-com-refixs-que-conectam-brasil-nigeria-franca-portugal-e-colombia/","Kadu Soares (@kadusoares__)","Música","Projeto chega em 18 de junho pelo selo Máquina de Louco e reinterpreta as faixas do disco vencedor do Grammy Latino 2025 com produtores e artistas de seis países","https://rollingstone.com.br/wp-content/uploads/2025/06/baianasystem-atualiza-tradicoes-em-novo-show-a-raiz-tem-um-grande-poder.jpg","baianasystem-anuncia-o-mundo-da-voltas-dando-voltas-pelo-mundo-album-com-refixs-que-conectam-brasil-nigeria-franca-portugal-e-colombia","publish","2026-06-18T11:31:43-03:00","Rolling Stone Brasil"
"304421","2026-06-16T11:17:19","2026-06-16T14:17:19","Grammy anuncia 5 novas categorias, incluindo ‘Melhor Canção Latina’","https://rollingstone.com.br/musica/grammy-anuncia-5-novas-categorias-incluindo-melhor-cancao-latina/","EMILY ZEMLER","Música","A grande noite da música também celebrará a Melhor Performance de Música Pop Asiática durante a cerimônia em fevereiro de 2027","https://rollingstone.com.br/wp-content/uploads/2026/02/Grammy-2026-veja-a-lista-completa-de-vencedores-da-maior-premiacao-da-musica-David-BeckerGetty-Images-for-The-Recording-Academy-1389405760.jpg","grammy-anuncia-5-novas-categorias-incluindo-melhor-cancao-latina","publish","2026-06-18T11:31:43-03:00","Rolling Stone Brasil"
"304388","2026-06-16T11:00:08","2026-06-16T14:00:08","AFROPUNK Brasil 2026 fecha lineup com FLO e Kelela; festival reúne Kehlani, Jorja Smith, Gilberto Gil e Emicida em Salvador","https://rollingstone.com.br/musica/afropunk-brasil-2026-fecha-line-up-com-flo-e-kelela-festival-reune-kehlani-jorja-smith-gilberto-gil-e-emicida-em-salvador/","Kadu Soares (@kadusoares__)","Música","Edição acontece no sábado, 7, e domingo, 8, de novembro, no Parque de Exposições de Salvador; atrações internacionais se apresentam pela primeira vez na Bahia","https://rollingstone.com.br/wp-content/uploads/2026/06/kelela-flo-afropunk-divulgacao-rolling-stone.jpg","afropunk-brasil-2026-fecha-line-up-com-flo-e-kelela-festival-reune-kehlani-jorja-smith-gilberto-gil-e-emicida-em-salvador","publish","2026-06-18T11:31:43-03:00","Rolling Stone Brasil"
"304370","2026-06-16T10:50:38","2026-06-16T13:50:38","Que horas estreia o 8º episódio da quarta temporada de ‘Origem’?","https://rollingstone.com.br/entretenimento/que-horas-estreia-o-8o-episodio-da-quarta-temporada-de-origem/","Henrique Nascimento (@hc_nascimento)","Entretenimento; TV","Série de terror sobrenatural é estrelada por Harold Perrineau (Lost) e produzida pelos irmãos Anthony e Joe Russo (Vingadores: Ultimato)","https://rollingstone.com.br/wp-content/uploads/2026/06/Que-horas-estreia-o-8o-episodio-da-quarta-temporada-de-Origem-Divulgacao.jpg","que-horas-estreia-o-8o-episodio-da-quarta-temporada-de-origem","publish","2026-06-18T11:31:43-03:00","Rolling Stone Brasil"
"304392","2026-06-16T10:07:38","2026-06-16T13:07:38","Sean Combs vence pedido para encerrar o processo de Dawn Richard","https://rollingstone.com.br/noticia/sean-combs-vence-pedido-para-encerrar-o-processo-de-dawn-richard/","Cheyenne Roundtree","Notícias","Advogado de Richard disse que vai reapresentar o cerne do caso da cantora do Danity Kane na Justiça estadual de Nova York","https://rollingstone.com.br/wp-content/uploads/2025/06/diddy-continua-pagando-contas-de-testemunha-no-julgamento-entenda-870696190_4l200023458.jpg","sean-combs-vence-pedido-para-encerrar-o-processo-de-dawn-richard","publish","2026-06-18T11:31:43-03:00","Rolling Stone Brasil"
"304381","2026-06-16T08:48:45","2026-06-16T11:48:45","Baby Keem revela que problema de saúde grave o impediu de fazer música por um ano durante hiato de cinco anos","https://rollingstone.com.br/musica/baby-keem-revela-que-problema-de-saude-grave-o-impediu-de-fazer-musica-por-um-ano-durante-hiato-de-cinco-anos/","Kadu Soares (@kadusoares__)","Música","Em entrevista à Highsnobiety, rapper disse que chegou a acreditar que nunca mais gravaria","https://rollingstone.com.br/wp-content/uploads/2026/06/baby-keem-Joseph-Okpako-WireImage-foto-jornalistica-1406680162.jpg","baby-keem-revela-que-problema-de-saude-grave-o-impediu-de-fazer-musica-por-um-ano-durante-hiato-de-cinco-anos","publish","2026-06-18T11:31:43-03:00","Rolling Stone Brasil"
"304378","2026-06-16T08:47:03","2026-06-16T11:47:03","Os artistas, rappers e álbuns favoritos de Tyler, the Creator, segundo ele mesmo","https://rollingstone.com.br/musica/os-artistas-rappers-e-albuns-favoritos-de-tyler-the-creator-segundo-ele-mesmo/","Kadu Soares (@kadusoares__)","Música","Em entrevista a DJ Drama, Tyler apontou Pharrell, Erykah Badu, Jamiroquai e Stevie Wonder no topo da lista","https://rollingstone.com.br/wp-content/uploads/2023/11/tyler-the-creator-foto-kevork-djanseziangetty-images.jpg","os-artistas-rappers-e-albuns-favoritos-de-tyler-the-creator-segundo-ele-mesmo","publish","2026-06-18T11:31:43-03:00","Rolling Stone Brasil"
"304375","2026-06-16T08:43:44","2026-06-16T11:43:44","Após sair da prisão e lançar um álbum decepcionante, Young Thug anuncia um projeto de R&B","https://rollingstone.com.br/musica/apos-sair-da-prisao-e-lancar-um-album-decepcionante-young-thug-anuncia-um-projeto-de-rb/","Kadu Soares (@kadusoares__)","Música","Rapper revelou a mudança de gênero para o novo disco, que deve trazer a influência da namorada, Mariah The Scientist","https://rollingstone.com.br/wp-content/uploads/2026/06/young-thug-Scott-Dudelson-Getty-Images-Coachella-foto-jornalistica-2278230311.jpg","apos-sair-da-prisao-e-lancar-um-album-decepcionante-young-thug-anuncia-um-projeto-de-rb","publish","2026-06-18T11:31:43-03:00","Rolling Stone Brasil"
"301993","2026-06-16T08:00:31","2026-06-16T11:00:31","Como The Smiths chegou ao seu auge em ‘The Queen is Dead’","https://rollingstone.com.br/noticia/the-smiths-auge-the-queen-is-dead/","Pedro Hollanda (@phollanda21)","Notícias","Terceiro álbum de estúdio da banda britânica contém ataques à monarquia, igreja anglicana e algumas das melhores músicas de Johnny Marr e Morrissey",,"the-smiths-auge-the-queen-is-dead","publish","2026-06-18T11:31:43-03:00","Rolling Stone Brasil"
"304366","2026-06-15T21:59:17","2026-06-16T00:59:17","Que horas estreia o 9º e penúltimo episódio de ‘O Segredo de Widow’s Bay’?","https://rollingstone.com.br/entretenimento/que-horas-estreia-o-9o-e-penultimo-episodio-de-o-segredo-de-widows-bay/","Redação","Entretenimento; TV","Novidade, que é inspirada pela obra de Stephen King, está disponível no Apple TV, com lançamentos semanais","https://rollingstone.com.br/wp-content/uploads/2026/06/Que-horas-estreia-o-9o-e-penultimo-episodio-de-O-Segredo-de-Widows-Bay-Divulgacao.jpg","que-horas-estreia-o-9o-e-penultimo-episodio-de-o-segredo-de-widows-bay","publish","2026-06-18T11:31:43-03:00","Rolling Stone Brasil"
"304236","2026-06-15T21:44:53","2026-06-16T00:44:53","‘Dia D’ derruba ‘Todo Mundo em Pânico’ do topo das bilheterias brasileiras","https://rollingstone.com.br/cinema/dia-d-derruba-todo-mundo-em-panico-do-topo-das-bilheterias-brasileiras/","Henrique Nascimento (@hc_nascimento)","Cinema","Novo longa de Steven Spielberg traz uma abordagem recorrente na obra do cineasta: alienígenas","https://rollingstone.com.br/wp-content/uploads/2026/06/Dia-D-derruba-Todo-Mundo-em-Panico-do-topo-das-bilheterias-brasileiras-Divulgacao.jpg","dia-d-derruba-todo-mundo-em-panico-do-topo-das-bilheterias-brasileiras","publish","2026-06-18T11:31:43-03:00","Rolling Stone Brasil"
"304348","2026-06-15T21:25:37","2026-06-16T00:25:37","Ator de ‘Star Wars’ e ‘Guardiões da Galáxia’ será Pirraça em série de ‘Harry Potter’","https://rollingstone.com.br/entretenimento/ator-de-star-wars-e-guardioes-da-galaxia-sera-pirraca-em-serie-de-harry-potter/","Henrique Nascimento (@hc_nascimento)","Entretenimento; TV","Excluído da adaptação cinematográfica da obra de J.K. Rowling, poltergeist irá aparecer na novidade da HBO Max","https://rollingstone.com.br/wp-content/uploads/2026/06/Ator-de-Star-Wars-e-Guardioes-da-Galaxia-sera-Pirraca-em-serie-de-Harry-Potter-Divulgacao.jpg","ator-de-star-wars-e-guardioes-da-galaxia-sera-pirraca-em-serie-de-harry-potter","publish","2026-06-18T11:31:43-03:00","Rolling Stone Brasil"
"304353","2026-06-15T21:20:35","2026-06-16T00:20:35","Anya Taylor-Joy é escalada para novo filme de ‘O Senhor dos Anéis’","https://rollingstone.com.br/cinema/anya-taylor-joy-e-escalada-para-novo-filme-de-o-senhor-dos-aneis/","Henrique Nascimento (@hc_nascimento)","Cinema","Batizada de O Senhor dos Anéis: A Caçada por Gollum, novidade estreia em dezembro de 2027 nos cinemas","https://rollingstone.com.br/wp-content/uploads/2026/06/Anya-Taylor-Joy-de-Furiosa-Uma-Saga-Mad-Max-e-escalada-para-novo-filme-de-O-Senhor-dos-Aneis-Divulgacao.jpg","anya-taylor-joy-e-escalada-para-novo-filme-de-o-senhor-dos-aneis","publish","2026-06-18T11:31:43-03:00","Rolling Stone Brasil"
"304281","2026-06-15T20:19:32","2026-06-15T23:19:32","3ª temporada de ‘A Casa do Dragão’ abre com 100% de aprovação no Rotten Tomatoes","https://rollingstone.com.br/entretenimento/3a-temporada-de-a-casa-do-dragao-abre-com-100-de-aprovacao-no-rotten-tomatoes/","Henrique Nascimento (@hc_nascimento)","Entretenimento; TV","Série, que se passa cerca de duzentos anos antes dos eventos de Game of Thrones, retorna com novos episódios em breve","https://rollingstone.com.br/wp-content/uploads/2026/06/3a-temporada-de-A-Casa-do-Dragao-abre-com-100-de-aprovacao-no-Rotten-Tomatoes-DivulgacaoHBO-Max.jpg","3a-temporada-de-a-casa-do-dragao-abre-com-100-de-aprovacao-no-rotten-tomatoes","publish","2026-06-18T11:31:43-03:00","Rolling Stone Brasil"
"304124","2026-06-15T20:02:00","2026-06-15T23:02:00","‘Mortal Kombat 2’, com Karl Urban, ganha data de estreia no streaming","https://rollingstone.com.br/cinema/mortal-kombat-2-estreia-streaming-compra-aluguel/","Henrique Nascimento (@hc_nascimento)","Cinema","Sequência do longa de 2021, protagonizada por astro de The Boys, é novamente dirigida por Simon McQuoid","https://rollingstone.com.br/wp-content/uploads/2026/06/Mortal-Kombat-2-com-Karl-Urban-ganha-data-de-estreia-no-streaming-DivulgacaoWarner-Bros.-Pictures.jpg","mortal-kombat-2-estreia-streaming-compra-aluguel","publish","2026-06-18T11:31:43-03:00","Rolling Stone Brasil"
"304308","2026-06-15T17:36:21","2026-06-15T20:36:21","‘Posso morrer a qualquer momento’, disse Oliver Tree em uma de suas entrevistas finais","https://rollingstone.com.br/musica/posso-morrer-a-qualquer-momento-disse-oliver-tree-em-uma-de-suas-entrevistas-finais/","Pedro Hollanda (@phollanda21)","Música","Cantor americano refletiu sobre como tudo pode acabar a qualquer momento — e como público finalmente apreciaria sua obra após sua morte","https://rollingstone.com.br/wp-content/uploads/2026/06/oliver-tree-2024-foto-Srdjan-Stevanovic-Getty-Images-2160995546.jpg","posso-morrer-a-qualquer-momento-disse-oliver-tree-em-uma-de-suas-entrevistas-finais","publish","2026-06-18T11:31:43-03:00","Rolling Stone Brasil"
"304329","2026-06-15T17:13:21","2026-06-15T20:13:21","As melhores músicas da Copa do Mundo — e aquelas que você pode ter esquecido","https://rollingstone.com.br/musica/as-melhores-musicas-da-copa-do-mundo-e-aquelas-que-voce-pode-ter-esquecido/","Maya Georgi","Música","De Shakira a Los Ramblers, aqui estão os melhores hinos de Copa do Mundo, incluindo algumas joias que acabaram se perdendo com o tempo","https://rollingstone.com.br/wp-content/uploads/2026/06/musicas-da-copa-105120480-2280413165-459479784.jpg","as-melhores-musicas-da-copa-do-mundo-e-aquelas-que-voce-pode-ter-esquecido","publish","2026-06-18T11:31:43-03:00","Rolling Stone Brasil"
"304294","2026-06-15T16:46:13","2026-06-15T19:46:13","Shania Twain admite que já fez coisas ‘muito prejudiciais à saúde’ para emagrecer","https://rollingstone.com.br/entretenimento/shania-twain-admite-que-ja-fez-coisas-muito-prejudiciais-a-saude-para-emagrecer/","Redação","Entretenimento","Cantora de country pop refletiu sobre a relação com o próprio corpo e afirmou que a menopausa lhe ajudou a ganhar autoconfiança: ‘Há coisas que não podemos controlar’","https://rollingstone.com.br/wp-content/uploads/2022/12/shania-twain-cantora-foto-nicholas-hunt-getty-images.jpg","shania-twain-admite-que-ja-fez-coisas-muito-prejudiciais-a-saude-para-emagrecer","publish","2026-06-18T11:31:43-03:00","Rolling Stone Brasil"
"304076","2026-06-15T16:30:14","2026-06-15T19:30:14","Ana Vilela celebra chifre da ex com melhor amigo que originou ‘Trem Bala’","https://rollingstone.com.br/musica/ana-vilela-celebra-chifre-da-ex-com-melhor-amigo-que-originou-trem-bala/","Guilherme Gonçalves (@guiiilherme_agb)","Música","Quase uma década após o lançamento do hit, cantora surpreende fãs ao revelar os bastidores dolorosos por trás da composição","https://rollingstone.com.br/wp-content/uploads/2026/06/ana-vilela-foto-reproducao-youtube.jpg","ana-vilela-celebra-chifre-da-ex-com-melhor-amigo-que-originou-trem-bala","publish","2026-06-18T11:31:43-03:00","Rolling Stone Brasil"
"304073","2026-06-15T16:20:42","2026-06-15T19:20:42","Olivia Rodrigo é uma plagiadora? A opinião de Elvis Costello","https://rollingstone.com.br/musica/olivia-rodrigo-e-uma-plagiadora-a-opiniao-de-elvis-costello/","Guilherme Gonçalves (@guiiilherme_agb)","Música","Veterano do rock britânico fala sobre acusações à cantora e responde se já cogitou processá-la por semelhança entre músicas","https://rollingstone.com.br/wp-content/uploads/2025/07/olivia-rodrigo-gettyimages-2222861511.jpg","olivia-rodrigo-e-uma-plagiadora-a-opiniao-de-elvis-costello","publish","2026-06-18T11:31:43-03:00","Rolling Stone Brasil"
"304315","2026-06-15T15:53:36","2026-06-15T18:53:36","89 FM A Rádio Rock completa 40 anos como refúgio inegociável do rock brasileiro","https://rollingstone.com.br/entretenimento/89-fm-a-radio-rock-completa-40-anos-como-refugio-inegociavel-do-rock-brasileiro/","Kadu Soares (@kadusoares__)","Entretenimento","De 1985 até hoje, a emissora sobreviveu a crises, mudanças tecnológicas e tentativas de venda — tudo porque ouvintes tratam a rádio como se fosse própria","https://rollingstone.com.br/wp-content/uploads/2026/06/jose-junior-camargo-89fm-divulgacao.jpg","89-fm-a-radio-rock-completa-40-anos-como-refugio-inegociavel-do-rock-brasileiro","publish","2026-06-18T11:31:43-03:00","Rolling Stone Brasil"
"304271","2026-06-15T15:27:38","2026-06-15T18:27:38","A mensagem do Rush após primeira semana de shows de reunião","https://rollingstone.com.br/musica/a-mensagem-do-rush-apos-primeira-semana-de-shows-de-reuniao/","Pedro Hollanda (@phollanda21)","Música","Banda retornou aos palcos oficialmente no último dia 7 para turnê de 50 anos de carreira e que passará pelo Brasil em 2027","https://rollingstone.com.br/wp-content/uploads/2026/06/rush-alex-lifeson-geddy-lee-2026-foto-Michael-Tullberg-Getty-Images-2280435478.jpg","a-mensagem-do-rush-apos-primeira-semana-de-shows-de-reuniao","publish","2026-06-18T11:31:43-03:00","Rolling Stone Brasil"
"304261","2026-06-15T15:22:24","2026-06-15T18:22:24","Parte de palco do Evanescence pega fogo em pleno show; veja vídeo","https://rollingstone.com.br/musica/parte-de-palco-do-evanescence-pega-fogo-em-pleno-show-veja-video/","Pedro Hollanda (@phollanda21)","Música","Erro de pirotecnia durante a música ‘Calm Down’ incendiou cortina, mas equipe da banda agiu rápido — ainda que inicialmente com garrafa d’água","https://rollingstone.com.br/wp-content/uploads/2025/12/amy-lee-evanescence-2025-foto-Dave-Simpson-WireImage-2247409922.jpg","parte-de-palco-do-evanescence-pega-fogo-em-pleno-show-veja-video","publish","2026-06-18T11:31:43-03:00","Rolling Stone Brasil"
"304302","2026-06-15T15:10:44","2026-06-15T18:10:44","Atração do Rock in Rio, MGK anuncia show em São Paulo","https://rollingstone.com.br/musica/atracao-do-rock-in-rio-mgk-anuncia-show-em-sao-paulo/","Igor Miranda (@igormirandasite)","Música","Artista conhecido também como Machine Gun Kelly se apresenta dia 6 de setembro, no Espaço Unimed; ingressos estarão disponíveis a partir desta terça-feira, 16","https://rollingstone.com.br/wp-content/uploads/2026/03/machine-gun-kelly-mgk-foto-Katja-Ogrin-Redferns-for-ABA-2265862241.jpg","atracao-do-rock-in-rio-mgk-anuncia-show-em-sao-paulo","publish","2026-06-18T11:31:43-03:00","Rolling Stone Brasil"
"304285","2026-06-15T15:04:23","2026-06-15T18:04:23","Intérpretes de Moana, Auli‘i Cravalho e Catherine Laga‘aia se encontram em música inédita","https://rollingstone.com.br/cinema/interpretes-de-moana-aulii-cravalho-e-catherine-lagaaia-se-encontram-em-musica-inedita/","Henrique Nascimento (@hc_nascimento)","Cinema","Batizada de “Along The Way”, a novidade foi escrita por Lin-Manuel Miranda, responsável pelas músicas do primeiro filme, e fará parte do remake em live-action","https://rollingstone.com.br/wp-content/uploads/2026/06/Interpretes-de-Moana-Auli‘i-Cravalho-e-Catherine-Laga‘aia-se-encontram-em-musica-inedita-Arturo-HolmesGetty-Images-ReproducaoDisney-Studios-2266676503.jpg","interpretes-de-moana-aulii-cravalho-e-catherine-lagaaia-se-encontram-em-musica-inedita","publish","2026-06-18T11:31:43-03:00","Rolling Stone Brasil"
"304288","2026-06-15T14:59:37","2026-06-15T17:59:37","Bonnie Tyler acorda do coma, mas permanece internada na UTI: ‘está bem mal’","https://rollingstone.com.br/musica/bonnie-tyler-acorda-do-coma-mas-permanece-internada-na-uti-esta-bem-mal/","Pedro Hollanda (@phollanda21)","Música","Cantora seguia em estado induzido desde o início de maio, quando passou por cirurgia de emergência no intestino em Portugal","https://rollingstone.com.br/wp-content/uploads/2026/05/Bonnie-Tyler-foto-Frank-Hoensch-Redferns-1242237697.jpg","bonnie-tyler-acorda-do-coma-mas-permanece-internada-na-uti-esta-bem-mal","publish","2026-06-18T11:31:43-03:00","Rolling Stone Brasil"
"304265","2026-06-15T14:36:04","2026-06-15T17:36:04","A banda de rock que inspirou Finneas, irmão de Billie Eilish, a seguir carreira na música","https://rollingstone.com.br/musica/a-banda-de-rock-que-inspirou-finneas-irmao-de-billie-eilish-a-seguir-carreira-na-musica/","Gabriela Nangino (@gabinangino)","Música","Artista também entrou em detalhes sobre sua parceria com a irmã e revelou qual seria a sua “colaboração dos sonhos”","https://rollingstone.com.br/wp-content/uploads/2025/11/finneas-Monica-Schipper-FilmMagic-foto-jornalistica-2244568566.jpg","a-banda-de-rock-que-inspirou-finneas-irmao-de-billie-eilish-a-seguir-carreira-na-musica","publish","2026-06-18T11:31:43-03:00","Rolling Stone Brasil"
"304234","2026-06-15T14:07:21","2026-06-15T17:07:21","Franquia ‘Terrifier’ é processada por causa de Art, o Palhaço; entenda","https://rollingstone.com.br/cinema/franquia-terrifier-e-processada-por-causa-de-art-o-palhaco-entenda/","Henrique Nascimento (@hc_nascimento)","Cinema","Segundo o processo, os direitos sobre o personagem teriam sido vendido há anos por US$ 5 mil, muito menos do que faturou nos últimos anos","https://rollingstone.com.br/wp-content/uploads/2026/06/Franquia-Terrifier-e-processada-por-causa-de-Art-o-Palhaco-entenda-Divulgacao.jpg","franquia-terrifier-e-processada-por-causa-de-art-o-palhaco-entenda","publish","2026-06-18T11:31:43-03:00","Rolling Stone Brasil"
"304275","2026-06-15T13:20:05","2026-06-15T16:20:05","Oferta Relâmpago: notebook gamer Acer Nitro V15 com desconto de 48%","https://rollingstone.com.br/ofertas/oferta-relampago-notebook-gamer-acer-nitro-v15-com-desconto-de-48/","AMDB Ofertas","Ofertas","Notebook de alta qualidade por um preço promocional no Mercado Livre","https://rollingstone.com.br/wp-content/uploads/2026/06/note_acer_nitro_x1.jpg","oferta-relampago-notebook-gamer-acer-nitro-v15-com-desconto-de-48","publish","2026-06-18T11:31:43-03:00","Rolling Stone Brasil"
"304249","2026-06-15T12:53:57","2026-06-15T15:53:57","Bruce Springsteen diz que busca um ‘terreno comum’ com público de oposição política","https://rollingstone.com.br/musica/bruce-springsteen-diz-que-busca-um-terreno-comum-com-publico-de-oposicao-politica/","Gabriela Nangino (@gabinangino)","Música","Springsteen recebeu o ‘Harry Belafonte Voices for Social Justice’ no Festival de Tribeca 2026, troféu que reconhece artistas que usam sua plataforma para defender os direitos humanos","https://rollingstone.com.br/wp-content/uploads/2025/10/Por-dentro-da-gravacao-secreta-ao-vivo-da-regravacao-de-‘Nebraska-de-Bruce-Springsteen_2237965328.jpg","bruce-springsteen-diz-que-busca-um-terreno-comum-com-publico-de-oposicao-politica","publish","2026-06-18T11:31:43-03:00","Rolling Stone Brasil"
